id,stateabb,ccode,year,chrstprot
1,USA,2,1950,73090083
2,USA,2,1955,79294628
3,USA,2,1960,90692928
4,USA,2,1965,94165803
5,USA,2,1970,93918347
6,USA,2,1975,93578909
7,USA,2,1980,101216516
8,USA,2,1985,107309700
9,USA,2,1990,132040181
10,USA,2,1995,123669458
11,USA,2,2000,115298736
12,USA,2,2005,117527349
13,USA,2,2010,119755961
14,CAN,20,1945,4002534
15,CAN,20,1950,4098000
16,CAN,20,1955,4248720
17,CAN,20,1960,4635491
18,CAN,20,1965,5138863
19,CAN,20,1970,5750190
20,CAN,20,1975,6124060
21,CAN,20,1980,6792962
22,CAN,20,1985,7450000
23,CAN,20,1990,7936000
24,CAN,20,1995,8001536
25,CAN,20,2000,8067073
26,CAN,20,2005,8996090
27,CAN,20,2010,7929127
28,BHM,31,1975,100339
29,BHM,31,1980,104580
30,BHM,31,1985,109000
31,BHM,31,1990,124600
32,BHM,31,1995,148938
33,BHM,31,2000,207870
34,BHM,31,2005,219700
35,BHM,31,2010,211798
36,CUB,40,1945,185865
37,CUB,40,1950,220852
38,CUB,40,1955,242266
39,CUB,40,1960,265000
40,CUB,40,1965,265000
41,CUB,40,1970,238062
42,CUB,40,1975,260000
43,CUB,40,1980,437580
44,CUB,40,1985,403920
45,CUB,40,1990,424960
46,CUB,40,1995,436160
47,CUB,40,2000,500000
48,CUB,40,2005,562150
49,CUB,40,2010,550000
50,HAI,41,1945,310000
51,HAI,41,1950,310000
52,HAI,41,1955,321500
53,HAI,41,1960,333000
54,HAI,41,1965,344911
55,HAI,41,1970,400073
56,HAI,41,1975,464056
57,HAI,41,1980,574900
58,HAI,41,1985,610000
59,HAI,41,1990,730500
60,HAI,41,1995,745110
61,HAI,41,2000,822200
62,HAI,41,2005,941000
63,HAI,41,2010,976083
64,DOM,42,1945,31680
65,DOM,42,1950,33440
66,DOM,42,1955,40952
67,DOM,42,1960,48465
68,DOM,42,1965,50250
69,DOM,42,1970,406200
70,DOM,42,1975,516670
71,DOM,42,1980,151000
72,DOM,42,1985,109072
73,DOM,42,1990,285000
74,DOM,42,1995,788700
75,DOM,42,2000,743538
76,DOM,42,2005,1010238
77,DOM,42,2010,1493497
78,JAM,51,1960,1113072
79,JAM,51,1965,1116720
80,JAM,51,1970,1161798
81,JAM,51,1975,1164819
82,JAM,51,1980,1167840
83,JAM,51,1985,1657000
84,JAM,51,1990,1335978
85,JAM,51,1995,1422741
86,JAM,51,2000,1509505
87,JAM,51,2005,1622752
88,JAM,51,2010,1736000
89,TRI,52,1960,79520
90,TRI,52,1965,93020
91,TRI,52,1970,106520
92,TRI,52,1975,125460
93,TRI,52,1980,144400
94,TRI,52,1985,153140
95,TRI,52,1990,216270
96,TRI,52,1995,255117
97,TRI,52,2000,293965
98,TRI,52,2005,279692
99,TRI,52,2010,365100
100,BAR,53,1970,50582
101,BAR,53,1975,49601
102,BAR,53,1980,46620
103,BAR,53,1985,67230
104,BAR,53,1990,77536
105,BAR,53,1995,87557
106,BAR,53,2000,97578
107,BAR,53,2005,99456
108,BAR,53,2010,101335
109,DMA,54,1980,4640
110,DMA,54,1985,5000
111,DMA,54,1990,10600
112,DMA,54,1995,10900
113,DMA,54,2000,15200
114,DMA,54,2005,13075
115,DMA,54,2010,10950
116,GRN,55,1975,9800
117,GRN,55,1980,11130
118,GRN,55,1985,10000
119,GRN,55,1990,14287
120,GRN,55,1995,15403
121,GRN,55,2000,27491
122,GRN,55,2005,20600
123,GRN,55,2010,23852
124,SLU,56,1980,16481
125,SLU,56,1985,16000
126,SLU,56,1990,15532
127,SLU,56,1995,18016
128,SLU,56,2000,33880
129,SLU,56,2005,38998
130,SLU,56,2010,44116
131,SVG,57,1980,20140
132,SVG,57,1985,21000
133,SVG,57,1990,31100
134,SVG,57,1995,31510
135,SVG,57,2000,51744
136,SVG,57,2005,40016
137,SVG,57,2010,28288
138,AAB,58,1980,23300
139,AAB,58,1985,22000
140,AAB,58,1990,27334
141,AAB,58,1995,30431
142,AAB,58,2000,33528
143,AAB,58,2005,38619
144,AAB,58,2010,43710
145,SKN,60,1985,22450
146,SKN,60,1990,18630
147,SKN,60,1995,20803
148,SKN,60,2000,22977
149,SKN,60,2005,15238
150,SKN,60,2010,7500
151,MEX,70,1945,222300
152,MEX,70,1950,330111
153,MEX,70,1955,330000
154,MEX,70,1960,400000
155,MEX,70,1965,600000
156,MEX,70,1970,876879
157,MEX,70,1975,1171228
158,MEX,70,1980,1189400
159,MEX,70,1985,1189400
160,MEX,70,1990,2600000
161,MEX,70,1995,2727296
162,MEX,70,2000,2854592
163,MEX,70,2005,3917977
164,MEX,70,2010,15886801
165,BLZ,80,1980,21700
166,BLZ,80,1985,22500
167,BLZ,80,1990,29500
168,BLZ,80,1995,34500
169,BLZ,80,2000,58684
170,BLZ,80,2005,69756
171,BLZ,80,2010,80829
172,GUA,90,1945,72000
173,GUA,90,1950,78000
174,GUA,90,1955,79000
175,GUA,90,1960,150000
176,GUA,90,1965,104000
177,GUA,90,1970,269594
178,GUA,90,1975,369097
179,GUA,90,1980,468600
180,GUA,90,1985,764300
181,GUA,90,1990,1060000
182,GUA,90,1995,1296000
183,GUA,90,2000,1593900
184,GUA,90,2005,5080400
185,GUA,90,2010,5529785
186,HON,91,1945,23305
187,HON,91,1950,27000
188,HON,91,1955,31000
189,HON,91,1960,35000
190,HON,91,1965,42000
191,HON,91,1970,61889
192,HON,91,1975,84144
193,HON,91,1980,106400
194,HON,91,1985,139000
195,HON,91,1990,166850
196,HON,91,1995,378425
197,HON,91,2000,590000
198,HON,91,2005,690000
199,HON,91,2010,2560652
200,SAL,92,1945,0
201,SAL,92,1950,0
202,SAL,92,1955,0
203,SAL,92,1960,0
204,SAL,92,1965,75000
205,SAL,92,1970,149197
206,SAL,92,1975,180498
207,SAL,92,1980,211800
208,SAL,92,1985,169960
209,SAL,92,1990,200000
210,SAL,92,1995,413800
211,SAL,92,2000,627600
212,SAL,92,2005,1151460
213,SAL,92,2010,1990591
214,NIC,93,1945,39024
215,NIC,93,1950,40000
216,NIC,93,1955,41000
217,NIC,93,1960,42000
218,NIC,93,1965,54100
219,NIC,93,1970,118138
220,NIC,93,1975,174069
221,NIC,93,1980,230000
222,NIC,93,1985,250000
223,NIC,93,1990,435000
224,NIC,93,1995,512500
225,NIC,93,2000,590000
226,NIC,93,2005,1264400
227,NIC,93,2010,1350661
228,COS,94,1945,0
229,COS,94,1950,0
230,COS,94,1955,0
231,COS,94,1960,0
232,COS,94,1965,40000
233,COS,94,1970,48874
234,COS,94,1975,59887
235,COS,94,1980,70900
236,COS,94,1985,48000
237,COS,94,1990,99000
238,COS,94,1995,170000
239,COS,94,2000,310000
240,COS,94,2005,472368
241,COS,94,2010,453444
242,PAN,95,1945,42600
243,PAN,95,1950,48000
244,PAN,95,1955,47300
245,PAN,95,1960,55000
246,PAN,95,1965,69500
247,PAN,95,1970,84001
248,PAN,95,1975,103380
249,PAN,95,1980,129400
250,PAN,95,1985,122280
251,PAN,95,1990,280000
252,PAN,95,1995,184170
253,PAN,95,2000,420000
254,PAN,95,2005,611040
255,PAN,95,2010,805444
256,COL,100,1945,40000
257,COL,100,1950,60000
258,COL,100,1955,90000
259,COL,100,1960,66666
260,COL,100,1965,90000
261,COL,100,1970,202635
262,COL,100,1975,200000
263,COL,100,1980,235000
264,COL,100,1985,280000
265,COL,100,1990,340000
266,COL,100,1995,412857
267,COL,100,2000,5713335
268,COL,100,2005,6433350
269,COL,100,2010,6944250
270,VEN,101,1945,0
271,VEN,101,1950,0
272,VEN,101,1955,14000
273,VEN,101,1960,20000
274,VEN,101,1965,20000
275,VEN,101,1970,84593
276,VEN,101,1975,179900
277,VEN,101,1980,275206
278,VEN,101,1985,230946
279,VEN,101,1990,280000
280,VEN,101,1995,218440
281,VEN,101,2000,3625500
282,VEN,101,2005,3975300
283,VEN,101,2010,4325100
284,GUY,110,1970,94435
285,GUY,110,1975,99135
286,GUY,110,1980,100100
287,GUY,110,1985,122000
288,GUY,110,1990,102240
289,GUY,110,1995,143745
290,GUY,110,2000,185250
291,GUY,110,2005,189500
292,GUY,110,2010,191875
293,SUR,115,1975,84339
294,SUR,115,1980,85900
295,SUR,115,1985,88000
296,SUR,115,1990,98750
297,SUR,115,1995,99725
298,SUR,115,2000,112000
299,SUR,115,2005,120748
300,SUR,115,2010,142632
301,ECU,130,1945,0
302,ECU,130,1950,0
303,ECU,130,1955,0
304,ECU,130,1960,0
305,ECU,130,1965,19200
306,ECU,130,1970,72190
307,ECU,130,1975,79070
308,ECU,130,1980,82333
309,ECU,130,1985,85000
310,ECU,130,1990,105000
311,ECU,130,1995,115000
312,ECU,130,2000,345000
313,ECU,130,2005,314591
314,ECU,130,2010,284183
315,PER,135,1945,0
316,PER,135,1950,0
317,PER,135,1955,0
318,PER,135,1960,0
319,PER,135,1965,128000
320,PER,135,1970,190496
321,PER,135,1975,150000
322,PER,135,1980,255500
323,PER,135,1985,292380
324,PER,135,1990,852000
325,PER,135,1995,961000
326,PER,135,2000,3002454
327,PER,135,2005,3059210
328,PER,135,2010,3675330
329,BRA,140,1945,1523643
330,BRA,140,1950,1305857
331,BRA,140,1955,1741430
332,BRA,140,1960,4280870
333,BRA,140,1965,2309968
334,BRA,140,1970,6020237
335,BRA,140,1975,6985118
336,BRA,140,1980,7950000
337,BRA,140,1985,8269000
338,BRA,140,1990,12804925
339,BRA,140,1995,21476243
340,BRA,140,2000,26197710
341,BRA,140,2005,38660132
342,BRA,140,2010,51122554
343,BOL,145,1945,57000
344,BOL,145,1950,54280
345,BOL,145,1955,15500
346,BOL,145,1960,16755
347,BOL,145,1965,18740
348,BOL,145,1970,21060
349,BOL,145,1975,149530
350,BOL,145,1980,278000
351,BOL,145,1985,305000
352,BOL,145,1990,400000
353,BOL,145,1995,450000
354,BOL,145,2000,1241021
355,BOL,145,2005,581350
356,BOL,145,2010,1373600
357,PAR,150,1945,21187
358,PAR,150,1950,26070
359,PAR,150,1955,32080
360,PAR,150,1960,28540
361,PAR,150,1965,25000
362,PAR,150,1970,47000
363,PAR,150,1975,55050
364,PAR,150,1980,63100
365,PAR,150,1985,67000
366,PAR,150,1990,83446
367,PAR,150,1995,103928
368,PAR,150,2000,274800
369,PAR,150,2005,442425
370,PAR,150,2010,258212
371,CHL,155,1945,177500
372,CHL,155,1950,241000
373,CHL,155,1955,242928
374,CHL,155,1960,245500
375,CHL,155,1965,320000
376,CHL,155,1970,200953
377,CHL,155,1975,250000
378,CHL,155,1980,279100
379,CHL,155,1985,625000
380,CHL,155,1990,882500
381,CHL,155,1995,1563100
382,CHL,155,2000,1321736
383,CHL,155,2005,2456317
384,CHL,155,2010,1811913
385,ARG,160,1945,310266
386,ARG,160,1950,311000
387,ARG,160,1955,251000
388,ARG,160,1960,214000
389,ARG,160,1965,395068
390,ARG,160,1970,576136
391,ARG,160,1975,520980
392,ARG,160,1980,665760
393,ARG,160,1985,404046
394,ARG,160,1990,635760
395,ARG,160,1995,695360
396,ARG,160,2000,3332880
397,ARG,160,2005,2315520
398,ARG,160,2010,4039999
399,URU,165,1945,45000
400,URU,165,1950,43920
401,URU,165,1955,26960
402,URU,165,1960,10000
403,URU,165,1965,32500
404,URU,165,1970,57053
405,URU,165,1975,47529
406,URU,165,1980,38005
407,URU,165,1985,90240
408,URU,165,1990,96000
409,URU,165,1995,83720
410,URU,165,2000,95000
411,URU,165,2005,363660
412,URU,165,2010,369234
413,UKG,200,1945,10306954
414,UKG,200,1950,10000000
415,UKG,200,1955,9227777
416,UKG,200,1960,8655555
417,UKG,200,1965,8283332
418,UKG,200,1970,7711109
419,UKG,200,1975,7082082
420,UKG,200,1980,6453055
421,UKG,200,1985,5824027
422,UKG,200,1990,5195000
423,UKG,200,1995,4950700
424,UKG,200,2000,4512000
425,UKG,200,2005,4800000
426,UKG,200,2010,4525200
427,IRE,205,1945,32225
428,IRE,205,1950,40675
429,IRE,205,1955,37188
430,IRE,205,1960,25629
431,IRE,205,1965,30214
432,IRE,205,1970,21698
433,IRE,205,1975,26907
434,IRE,205,1980,32116
435,IRE,205,1985,25176
436,IRE,205,1990,18236
437,IRE,205,1995,40200
438,IRE,205,2000,30213
439,IRE,205,2005,35113
440,IRE,205,2010,31442
441,NTH,210,1955,4530109
442,NTH,210,1960,4583913
443,NTH,210,1965,4637716
444,NTH,210,1970,4691520
445,NTH,210,1975,4583310
446,NTH,210,1980,4475100
447,NTH,210,1985,4277550
448,NTH,210,1990,4080000
449,NTH,210,1995,3679481
450,NTH,210,2000,3200000
451,NTH,210,2005,3132846
452,NTH,210,2010,2824128
453,BEL,211,1945,21904
454,BEL,211,1950,35074
455,BEL,211,1955,45618
456,BEL,211,1960,56161
457,BEL,211,1965,62705
458,BEL,211,1970,77248
459,BEL,211,1975,111424
460,BEL,211,1980,145600
461,BEL,211,1985,131300
462,BEL,211,1990,117000
463,BEL,211,1995,100840
464,BEL,211,2000,95000
465,BEL,211,2005,132000
466,BEL,211,2010,108763
467,LUX,212,1945,2503
468,LUX,212,1950,4410
469,LUX,212,1955,4986
470,LUX,212,1960,5561
471,LUX,212,1965,6137
472,LUX,212,1970,6712
473,LUX,212,1975,6834
474,LUX,212,1980,6956
475,LUX,212,1985,7078
476,LUX,212,1990,7200
477,LUX,212,1995,7910
478,LUX,212,2000,8000
479,LUX,212,2005,8200
480,LUX,212,2010,8500
481,FRN,220,1945,788877
482,FRN,220,1950,834720
483,FRN,220,1955,879880
484,FRN,220,1960,925040
485,FRN,220,1965,970200
486,FRN,220,1970,1015360
487,FRN,220,1975,1125180
488,FRN,220,1980,1235000
489,FRN,220,1985,1105730
490,FRN,220,1990,1134255
491,FRN,220,1995,1162780
492,FRN,220,2000,1150000
493,FRN,220,2005,1219920
494,FRN,220,2010,1254451
495,MNC,221,1995,700
496,MNC,221,2000,2306
497,MNC,221,2005,1621
498,MNC,221,2010,936
499,LIE,223,1990,2140
500,LIE,223,1995,2555
501,LIE,223,2000,2760
502,LIE,223,2005,2911
503,LIE,223,2010,3062
504,SWZ,225,1945,2267320
505,SWZ,225,1950,2510780
506,SWZ,225,1955,2700240
507,SWZ,225,1960,2801100
508,SWZ,225,1965,2841960
509,SWZ,225,1970,2882820
510,SWZ,225,1975,3092000
511,SWZ,225,1980,2865700
512,SWZ,225,1985,2831850
513,SWZ,225,1990,2798000
514,SWZ,225,1995,2683550
515,SWZ,225,2000,2569100
516,SWZ,225,2005,2665503
517,SWZ,225,2010,2193742
518,SPN,230,1945,26000
519,SPN,230,1950,29970
520,SPN,230,1955,20000
521,SPN,230,1960,20000
522,SPN,230,1965,0
523,SPN,230,1970,0
524,SPN,230,1975,0
525,SPN,230,1980,0
526,SPN,230,1985,0
527,SPN,230,1990,0
528,SPN,230,1995,0
529,SPN,230,2000,800000
530,SPN,230,2005,780000
531,SPN,230,2010,1200000
532,AND,232,1995,680
533,AND,232,2000,0
534,AND,232,2005,0
535,AND,232,2010,300
536,POR,235,1945,19873
537,POR,235,1950,29922
538,POR,235,1955,40052
539,POR,235,1960,60181
540,POR,235,1965,75311
541,POR,235,1970,90440
542,POR,235,1975,61550
543,POR,235,1980,32660
544,POR,235,1985,54827
545,POR,235,1990,76993
546,POR,235,1995,99160
547,POR,235,2000,395000
548,POR,235,2005,240070
549,POR,235,2010,85140
550,GMY,255,1945,43951530
551,GMY,255,1990,31840000
552,GMY,255,1995,28786300
553,GMY,255,2000,27000000
554,GMY,255,2005,26605000
555,GMY,255,2010,25300000
556,GFR,260,1955,26758004
557,GFR,260,1960,28021153
558,GFR,260,1965,29035506
559,GFR,260,1970,29749860
560,GFR,260,1975,29686560
561,GFR,260,1980,28922860
562,GFR,260,1985,28459000
563,GFR,260,1990,28960000
564,GDR,265,1955,13221145
565,GDR,265,1960,12351038
566,GDR,265,1965,11480931
567,GDR,265,1970,10610824
568,GDR,265,1975,9840717
569,GDR,265,1980,9590300
570,GDR,265,1985,8849410
571,POL,290,1945,232958
572,POL,290,1950,242592
573,POL,290,1955,263996
574,POL,290,1960,280000
575,POL,290,1965,210000
576,POL,290,1970,215388
577,POL,290,1975,240775
578,POL,290,1980,256163
579,POL,290,1985,311550
580,POL,290,1990,336938
581,POL,290,1995,362325
582,POL,290,2000,116295
583,POL,290,2005,158000
584,POL,290,2010,145600
585,AUS,305,1955,432246
586,AUS,305,1960,437000
587,AUS,305,1965,436260
588,AUS,305,1970,454740
589,AUS,305,1975,455160
590,AUS,305,1980,423162
591,AUS,305,1985,423000
592,AUS,305,1990,385378
593,AUS,305,1995,425275
594,AUS,305,2000,384488
595,AUS,305,2005,443937
596,AUS,305,2010,503386
597,HUN,310,1945,2346240
598,HUN,310,1950,2428660
599,HUN,310,1955,2474500
600,HUN,310,1960,2486934
601,HUN,310,1965,2489369
602,HUN,310,1970,2491803
603,HUN,310,1975,2424202
604,HUN,310,1980,2356601
605,HUN,310,1985,2289000
606,HUN,310,1990,2187859
607,HUN,310,1995,2086717
608,HUN,310,2000,1953973
609,HUN,310,2005,1876771
610,HUN,310,2010,1799569
611,CZE,315,1945,1200000
612,CZE,315,1950,1047440
613,CZE,315,1955,1095560
614,CZE,315,1960,1200000
615,CZE,315,1965,1245030
616,CZE,315,1970,1270060
617,CZE,315,1975,1418380
618,CZE,315,1980,1546700
619,CZE,315,1985,1082000
620,CZE,315,1990,690000
621,CZR,316,1995,286500
622,CZR,316,2000,318569
623,CZR,316,2005,246712
624,CZR,316,2010,174855
625,SLO,317,1995,440819
626,SLO,317,2000,535460
627,SLO,317,2005,504249
628,SLO,317,2010,473787
629,ITA,325,1945,0
630,ITA,325,1950,0
631,ITA,325,1955,0
632,ITA,325,1960,100000
633,ITA,325,1965,90000
634,ITA,325,1970,80000
635,ITA,325,1975,70000
636,ITA,325,1980,70000
637,ITA,325,1985,50000
638,ITA,325,1990,0
639,ITA,325,1995,0
640,ITA,325,2000,252535
641,ITA,325,2005,358000
642,ITA,325,2010,0
643,SNM,331,1995,0
644,SNM,331,2000,0
645,SNM,331,2005,0
646,SNM,331,2010,0
647,MLT,338,1965,130
648,MLT,338,1970,209
649,MLT,338,1975,334
650,MLT,338,1980,460
651,MLT,338,1985,555
652,MLT,338,1990,650
653,MLT,338,1995,760
654,MLT,338,2000,1469
655,MLT,338,2005,994
656,MLT,338,2010,4129
657,ALB,339,1945,0
658,ALB,339,1950,0
659,ALB,339,1955,0
660,ALB,339,1960,0
661,ALB,339,1965,0
662,ALB,339,1970,530
663,ALB,339,1975,810
664,ALB,339,1980,1100
665,ALB,339,1985,3050
666,ALB,339,1990,5000
667,ALB,339,1995,5037
668,ALB,339,2000,0
669,ALB,339,2005,0
670,ALB,339,2010,0
671,MNG,341,2010,1200
672,MAC,343,1995,1215
673,MAC,343,2000,520
674,MAC,343,2005,2884
675,MAC,343,2010,5248
676,CRO,344,1995,27233
677,CRO,344,2000,11918
678,CRO,344,2005,13523
679,CRO,344,2010,15129
680,YUG,345,1945,138922
681,YUG,345,1950,148000
682,YUG,345,1955,157671
683,YUG,345,1960,180000
684,YUG,345,1965,285561
685,YUG,345,1970,391123
686,YUG,345,1975,310061
687,YUG,345,1980,229000
688,YUG,345,1985,232330
689,YUG,345,1990,235660
690,YUG,345,1995,185470
691,YUG,345,2000,111602
692,YUG,345,2005,81603
693,YUG,345,2010,72336
694,BOS,346,1995,179360
695,BOS,346,2000,158880
696,BOS,346,2005,98558
697,BOS,346,2010,38237
698,KOS,347,2010,0
699,SLV,349,1995,19711
700,SLV,349,2000,16315
701,SLV,349,2005,18426
702,SLV,349,2010,20537
703,GRC,350,1945,6684
704,GRC,350,1950,7034
705,GRC,350,1955,15017
706,GRC,350,1960,23000
707,GRC,350,1965,30825
708,GRC,350,1970,37650
709,GRC,350,1975,76475
710,GRC,350,1980,94300
711,GRC,350,1985,58050
712,GRC,350,1990,21800
713,GRC,350,1995,0
714,GRC,350,2000,78063
715,GRC,350,2005,80420
716,GRC,350,2010,81979
717,CYP,352,1960,0
718,CYP,352,1965,0
719,CYP,352,1970,3086
720,CYP,352,1975,5133
721,CYP,352,1980,7150
722,CYP,352,1985,5465
723,CYP,352,1990,3750
724,CYP,352,1995,3690
725,CYP,352,2000,0
726,CYP,352,2005,0
727,CYP,352,2010,0
728,BUL,355,1945,7789
729,BUL,355,1950,15271
730,BUL,355,1955,23607
731,BUL,355,1960,45243
732,BUL,355,1965,56878
733,BUL,355,1970,84900
734,BUL,355,1975,61607
735,BUL,355,1980,58000
736,BUL,355,1985,53000
737,BUL,355,1990,80000
738,BUL,355,1995,45872
739,BUL,355,2000,0
740,BUL,355,2005,21000
741,BUL,355,2010,42000
742,MLD,359,1995,78800
743,MLD,359,2000,0
744,MLD,359,2005,69832
745,MLD,359,2010,100000
746,ROM,360,1945,820800
747,ROM,360,1950,1030000
748,ROM,360,1955,1025000
749,ROM,360,1960,1020000
750,ROM,360,1965,1015000
751,ROM,360,1970,1010000
752,ROM,360,1975,1005000
753,ROM,360,1980,1000000
754,ROM,360,1985,1160294
755,ROM,360,1990,1220589
756,ROM,360,1995,1290860
757,ROM,360,2000,1282970
758,ROM,360,2005,1301467
759,ROM,360,2010,1319965
760,RUS,365,1945,3778175
761,RUS,365,1950,3857122
762,RUS,365,1955,3937719
763,RUS,365,1960,4020000
764,RUS,365,1965,4104000
765,RUS,365,1970,4188000
766,RUS,365,1975,4272000
767,RUS,365,1980,4356000
768,RUS,365,1985,4440000
769,RUS,365,1990,4525619
770,RUS,365,1995,1189565
771,RUS,365,2000,2053384
772,RUS,365,2005,2000000
773,RUS,365,2010,2096758
774,EST,366,1995,275944
775,EST,366,2000,209768
776,EST,366,2005,179537
777,EST,366,2010,149306
778,LAT,367,1995,402560
779,LAT,367,2000,414852
780,LAT,367,2005,471530
781,LAT,367,2010,787002
782,LIT,368,1995,39451
783,LIT,368,2000,35573
784,LIT,368,2005,31485
785,LIT,368,2010,27397
786,UKR,369,1995,1004723
787,UKR,369,2000,1009120
788,UKR,369,2005,700873
789,UKR,369,2010,874104
790,BLR,370,1995,102810
791,BLR,370,2000,100280
792,BLR,370,2005,97750
793,BLR,370,2010,111798
794,ARM,371,1995,0
795,ARM,371,2000,41617
796,ARM,371,2005,22379
797,ARM,371,2010,0
798,GRG,372,1995,15187
799,GRG,372,2000,0
800,GRG,372,2005,15200
801,GRG,372,2010,60401
802,AZE,373,1995,2681
803,AZE,373,2000,4200
804,AZE,373,2005,5000
805,AZE,373,2010,3200
806,FIN,375,1945,3663720
807,FIN,375,1950,3808550
808,FIN,375,1955,3953133
809,FIN,375,1960,4089699
810,FIN,375,1965,4226264
811,FIN,375,1970,4260550
812,FIN,375,1975,4282299
813,FIN,375,1980,4311560
814,FIN,375,1985,4357878
815,FIN,375,1990,4377708
816,FIN,375,1995,4382664
817,FIN,375,2000,4404776
818,FIN,375,2005,4364672
819,FIN,375,2010,4199939
820,SWD,380,1945,6404458
821,SWD,380,1950,6657000
822,SWD,380,1955,6919500
823,SWD,380,1960,7182000
824,SWD,380,1965,7371210
825,SWD,380,1970,7540420
826,SWD,380,1975,7555280
827,SWD,380,1980,7550140
828,SWD,380,1985,7545000
829,SWD,380,1990,7583000
830,SWD,380,1995,7672720
831,SWD,380,2000,7484400
832,SWD,380,2005,7385100
833,SWD,380,2010,6377734
834,NOR,385,1945,3044250
835,NOR,385,1950,3232350
836,NOR,385,1955,3321615
837,NOR,385,1960,3410880
838,NOR,385,1965,3499620
839,NOR,385,1970,3566840
840,NOR,385,1975,3595893
841,NOR,385,1980,3624947
842,NOR,385,1985,3654000
843,NOR,385,1990,3732000
844,NOR,385,1995,3861000
845,NOR,385,2000,3839900
846,NOR,385,2005,4043642
847,NOR,385,2010,3939303
848,DEN,390,1945,3959200
849,DEN,390,1950,4194765
850,DEN,390,1955,4333232
851,DEN,390,1960,4464700
852,DEN,390,1965,4601770
853,DEN,390,1970,4731840
854,DEN,390,1975,4707130
855,DEN,390,1980,4682420
856,DEN,390,1985,4657710
857,DEN,390,1990,4633000
858,DEN,390,1995,4537618
859,DEN,390,2000,4510306
860,DEN,390,2005,4493363
861,DEN,390,2010,4481602
862,ICE,395,1945,125130
863,ICE,395,1950,139140
864,ICE,395,1955,153100
865,ICE,395,1960,170600
866,ICE,395,1965,184300
867,ICE,395,1970,195880
868,ICE,395,1975,209700
869,ICE,395,1980,218230
870,ICE,395,1985,227020
871,ICE,395,1990,235110
872,ICE,395,1995,244305
873,ICE,395,2000,260686
874,ICE,395,2005,267015
875,ICE,395,2010,275000
876,CAP,402,1975,7400
877,CAP,402,1980,8600
878,CAP,402,1985,9550
879,CAP,402,1990,10500
880,CAP,402,1995,11000
881,CAP,402,2000,12840
882,CAP,402,2005,20985
883,CAP,402,2010,21020
884,STP,403,1975,1500
885,STP,403,1980,2000
886,STP,403,1985,3100
887,STP,403,1990,4200
888,STP,403,1995,5775
889,STP,403,2000,9790
890,STP,403,2005,13040
891,STP,403,2010,16291
892,GNB,404,1975,2440
893,GNB,404,1980,3200
894,GNB,404,1985,5100
895,GNB,404,1990,7000
896,GNB,404,1995,9565
897,GNB,404,2000,10500
898,GNB,404,2005,12411
899,GNB,404,2010,12119
900,EQG,411,1970,14899
901,EQG,411,1975,14949
902,EQG,411,1980,15000
903,EQG,411,1985,15050
904,EQG,411,1990,15100
905,EQG,411,1995,9815
906,EQG,411,2000,4530
907,EQG,411,2005,27405
908,EQG,411,2010,34914
909,GAM,420,1965,1150
910,GAM,420,1970,1589
911,GAM,420,1975,2194
912,GAM,420,1980,2800
913,GAM,420,1985,2750
914,GAM,420,1990,2700
915,GAM,420,1995,4279
916,GAM,420,2000,6583
917,GAM,420,2005,7576
918,GAM,420,2010,12500
919,MLI,432,1960,10529
920,MLI,432,1965,13887
921,MLI,432,1970,18317
922,MLI,432,1975,24158
923,MLI,432,1980,30000
924,MLI,432,1985,44500
925,MLI,432,1990,59000
926,MLI,432,1995,64775
927,MLI,432,2000,88400
928,MLI,432,2005,74146
929,MLI,432,2010,92809
930,SEN,433,1960,2472
931,SEN,433,1965,3294
932,SEN,433,1970,4390
933,SEN,433,1975,5120
934,SEN,433,1980,5850
935,SEN,433,1985,6675
936,SEN,433,1990,7500
937,SEN,433,1995,8073
938,SEN,433,2000,7431
939,SEN,433,2005,8536
940,SEN,433,2010,21278
941,BEN,434,1960,53000
942,BEN,434,1965,30000
943,BEN,434,1970,50011
944,BEN,434,1975,66855
945,BEN,434,1980,83700
946,BEN,434,1985,160325
947,BEN,434,1990,236950
948,BEN,434,1995,358840
949,BEN,434,2000,328176
950,BEN,434,2005,581000
951,BEN,434,2010,735000
952,MAA,435,1960,29
953,MAA,435,1965,35
954,MAA,435,1970,43
955,MAA,435,1975,51
956,MAA,435,1980,60
957,MAA,435,1985,230
958,MAA,435,1990,400
959,MAA,435,1995,477
960,MAA,435,2000,555
961,MAA,435,2005,715
962,MAA,435,2010,957
963,NIR,436,1960,1000
964,NIR,436,1965,1500
965,NIR,436,1970,2253
966,NIR,436,1975,2526
967,NIR,436,1980,2800
968,NIR,436,1985,5800
969,NIR,436,1990,8800
970,NIR,436,1995,8413
971,NIR,436,2000,73500
972,NIR,436,2005,86501
973,NIR,436,2010,113153
974,CDI,437,1960,85000
975,CDI,437,1965,120000
976,CDI,437,1970,154420
977,CDI,437,1975,195160
978,CDI,437,1980,235900
979,CDI,437,1985,190000
980,CDI,437,1990,786981
981,CDI,437,1995,885876
982,CDI,437,2000,784857
983,CDI,437,2005,1151145
984,CDI,437,2010,1517432
985,GUI,438,1960,1251
986,GUI,438,1965,1908
987,GUI,438,1970,2909
988,GUI,438,1975,4434
989,GUI,438,1980,5960
990,GUI,438,1985,26480
991,GUI,438,1990,47000
992,GUI,438,1995,58458
993,GUI,438,2000,145000
994,GUI,438,2005,200174
995,GUI,438,2010,222265
996,BFO,439,1960,9000
997,BFO,439,1965,46717
998,BFO,439,1970,84435
999,BFO,439,1975,99000
1000,BFO,439,1980,160090
1001,BFO,439,1985,269280
1002,BFO,439,1990,278470
1003,BFO,439,1995,487660
1004,BFO,439,2000,596850
1005,BFO,439,2005,514640
1006,BFO,439,2010,779198
1007,LBR,450,1945,30000
1008,LBR,450,1950,36174
1009,LBR,450,1955,50000
1010,LBR,450,1960,46620
1011,LBR,450,1965,80642
1012,LBR,450,1970,105418
1013,LBR,450,1975,149309
1014,LBR,450,1980,177200
1015,LBR,450,1985,248600
1016,LBR,450,1990,320000
1017,LBR,450,1995,333470
1018,LBR,450,2000,410680
1019,LBR,450,2005,1000200
1020,LBR,450,2010,1182650
1021,SIE,451,1965,83960
1022,SIE,451,1970,100131
1023,SIE,451,1975,119415
1024,SIE,451,1980,138700
1025,SIE,451,1985,140350
1026,SIE,451,1990,142000
1027,SIE,451,1995,227299
1028,SIE,451,2000,389017
1029,SIE,451,2005,437615
1030,SIE,451,2010,487547
1031,GHA,452,1960,700006
1032,GHA,452,1965,875320
1033,GHA,452,1970,949630
1034,GHA,452,1975,1106065
1035,GHA,452,1980,1262500
1036,GHA,452,1985,1831250
1037,GHA,452,1990,2400000
1038,GHA,452,1995,3336913
1039,GHA,452,2000,5925057
1040,GHA,452,2005,7001713
1041,GHA,452,2010,11000000
1042,TOG,461,1960,29902
1043,TOG,461,1965,41953
1044,TOG,461,1970,58860
1045,TOG,461,1975,82580
1046,TOG,461,1980,106300
1047,TOG,461,1985,254150
1048,TOG,461,1990,342000
1049,TOG,461,1995,402450
1050,TOG,461,2000,424500
1051,TOG,461,2005,507015
1052,TOG,461,2010,582752
1053,CAO,471,1960,517760
1054,CAO,471,1965,624760
1055,CAO,471,1970,731761
1056,CAO,471,1975,905380
1057,CAO,471,1980,1079000
1058,CAO,471,1985,1629880
1059,CAO,471,1990,2140000
1060,CAO,471,1995,2389860
1061,CAO,471,2000,3386370
1062,CAO,471,2005,4372300
1063,CAO,471,2010,4684592
1064,NIG,475,1960,2163753
1065,NIG,475,1965,2867934
1066,NIG,475,1970,3801287
1067,NIG,475,1975,5038393
1068,NIG,475,1980,6275500
1069,NIG,475,1985,9587750
1070,NIG,475,1990,10700000
1071,NIG,475,1995,11040360
1072,NIG,475,2000,13800000
1073,NIG,475,2005,16052040
1074,NIG,475,2010,18448759
1075,GAB,481,1960,34020
1076,GAB,481,1965,50000
1077,GAB,481,1970,75680
1078,GAB,481,1975,94343
1079,GAB,481,1980,101200
1080,GAB,481,1985,144540
1081,GAB,481,1990,175000
1082,GAB,481,1995,173320
1083,GAB,481,2000,198500
1084,GAB,481,2005,189500
1085,GAB,481,2010,198200
1086,CEN,482,1960,123760
1087,CEN,482,1965,120000
1088,CEN,482,1970,204400
1089,CEN,482,1975,284233
1090,CEN,482,1980,438710
1091,CEN,482,1985,469440
1092,CEN,482,1990,404000
1093,CEN,482,1995,580000
1094,CEN,482,2000,622450
1095,CEN,482,2005,755443
1096,CEN,482,2010,829432
1097,CHA,483,1960,61280
1098,CHA,483,1965,105496
1099,CHA,483,1970,209712
1100,CHA,483,1975,302006
1101,CHA,483,1980,394300
1102,CHA,483,1985,489650
1103,CHA,483,1990,585000
1104,CHA,483,1995,695578
1105,CHA,483,2000,918120
1106,CHA,483,2005,1357656
1107,CHA,483,2010,1558219
1108,CON,484,1960,118560
1109,CON,484,1965,125000
1110,CON,484,1970,167549
1111,CON,484,1975,194624
1112,CON,484,1980,221700
1113,CON,484,1985,292350
1114,CON,484,1990,363000
1115,CON,484,1995,358080
1116,CON,484,2000,498986
1117,CON,484,2005,575000
1118,CON,484,2010,655027
1119,DRC,490,1960,2286787
1120,DRC,490,1965,3293573
1121,DRC,490,1970,4750360
1122,DRC,490,1975,5209555
1123,DRC,490,1980,6458750
1124,DRC,490,1985,6815820
1125,DRC,490,1990,7780000
1126,DRC,490,1995,9090600
1127,DRC,490,2000,10330800
1128,DRC,490,2005,12996940
1129,DRC,490,2010,21716851
1130,UGA,500,1965,84089
1131,UGA,500,1970,114833
1132,UGA,500,1975,156816
1133,UGA,500,1980,198800
1134,UGA,500,1985,366500
1135,UGA,500,1990,410000
1136,UGA,500,1995,385260
1137,UGA,500,2000,645000
1138,UGA,500,2005,1192275
1139,UGA,500,2010,2645114
1140,KEN,501,1965,1392288
1141,KEN,501,1970,1574580
1142,KEN,501,1975,2011950
1143,KEN,501,1980,2674000
1144,KEN,501,1985,3863270
1145,KEN,501,1990,4575000
1146,KEN,501,1995,7630500
1147,KEN,501,2000,8900000
1148,KEN,501,2005,11532309
1149,KEN,501,2010,12524979
1150,TAZ,510,1965,950861
1151,TAZ,510,1970,1061840
1152,TAZ,510,1975,1427470
1153,TAZ,510,1980,1793100
1154,TAZ,510,1985,2491000
1155,TAZ,510,1990,3588900
1156,TAZ,510,1995,4643395
1157,TAZ,510,2000,4725000
1158,TAZ,510,2005,5298585
1159,TAZ,510,2010,5939526
1160,BUI,516,1965,129785
1161,BUI,516,1970,147904
1162,BUI,516,1975,168552
1163,BUI,516,1980,189200
1164,BUI,516,1985,284600
1165,BUI,516,1990,725000
1166,BUI,516,1995,725175
1167,BUI,516,2000,751866
1168,BUI,516,2005,1295615
1169,BUI,516,2010,1839366
1170,RWA,517,1965,250466
1171,RWA,517,1970,326702
1172,RWA,517,1975,426141
1173,RWA,517,1980,525580
1174,RWA,517,1985,738000
1175,RWA,517,1990,1292580
1176,RWA,517,1995,1036800
1177,RWA,517,2000,1950000
1178,RWA,517,2005,2337920
1179,RWA,517,2010,2689553
1180,SOM,520,1960,716
1181,SOM,520,1965,724
1182,SOM,520,1970,733
1183,SOM,520,1975,741
1184,SOM,520,1980,750
1185,SOM,520,1985,875
1186,SOM,520,1990,1000
1187,SOM,520,1995,1666
1188,SOM,520,2000,2332
1189,SOM,520,2005,1771
1190,SOM,520,2010,1819
1191,DJI,522,1980,200
1192,DJI,522,1985,175
1193,DJI,522,1990,150
1194,DJI,522,1995,319
1195,DJI,522,2000,489
1196,DJI,522,2005,605
1197,DJI,522,2010,656
1198,ETH,530,1945,47452
1199,ETH,530,1950,106086
1200,ETH,530,1955,237171
1201,ETH,530,1960,368256
1202,ETH,530,1965,499341
1203,ETH,530,1970,630426
1204,ETH,530,1975,867513
1205,ETH,530,1980,1104600
1206,ETH,530,1985,3667300
1207,ETH,530,1990,6230000
1208,ETH,530,1995,7852137
1209,ETH,530,2000,9723012
1210,ETH,530,2005,10227880
1211,ETH,530,2010,14847378
1212,ERI,531,1995,31268
1213,ERI,531,2000,77000
1214,ERI,531,2005,89460
1215,ERI,531,2010,78516
1216,ANG,540,1975,489840
1217,ANG,540,1980,634950
1218,ANG,540,1985,800300
1219,ANG,540,1990,1300000
1220,ANG,540,1995,1963200
1221,ANG,540,2000,1926727
1222,ANG,540,2005,4320280
1223,ANG,540,2010,4396260
1224,MZM,541,1975,367767
1225,MZM,541,1980,570600
1226,MZM,541,1985,805300
1227,MZM,541,1990,1200000
1228,MZM,541,1995,1857447
1229,MZM,541,2000,1950000
1230,MZM,541,2005,2250000
1231,MZM,541,2010,4897500
1232,ZAM,551,1965,124069
1233,ZAM,551,1970,303441
1234,ZAM,551,1975,742135
1235,ZAM,551,1980,1180830
1236,ZAM,551,1985,1460415
1237,ZAM,551,1990,1940000
1238,ZAM,551,1995,2201195
1239,ZAM,551,2000,2702206
1240,ZAM,551,2005,3348426
1241,ZAM,551,2010,3816303
1242,ZIM,552,1965,645924
1243,ZIM,552,1970,743400
1244,ZIM,552,1975,943200
1245,ZIM,552,1980,1143000
1246,ZIM,552,1985,1196500
1247,ZIM,552,1990,1250000
1248,ZIM,552,1995,1728900
1249,ZIM,552,2000,1436816
1250,ZIM,552,2005,2180000
1251,ZIM,552,2010,2396453
1252,MAW,553,1965,763776
1253,MAW,553,1970,976252
1254,MAW,553,1975,1207836
1255,MAW,553,1980,1519420
1256,MAW,553,1985,1629613
1257,MAW,553,1990,1779807
1258,MAW,553,1995,2149120
1259,MAW,553,2000,2143578
1260,MAW,553,2005,3825710
1261,MAW,553,2010,4482817
1262,SAF,560,1945,1996728
1263,SAF,560,1950,3160600
1264,SAF,560,1955,3727750
1265,SAF,560,1960,5136600
1266,SAF,560,1965,5882100
1267,SAF,560,1970,6451204
1268,SAF,560,1975,7178320
1269,SAF,560,1980,7278600
1270,SAF,560,1985,8260750
1271,SAF,560,1990,9079655
1272,SAF,560,1995,11997500
1273,SAF,560,2000,12250000
1274,SAF,560,2005,12128000
1275,SAF,560,2010,12006000
1276,NAM,565,1990,645000
1277,NAM,565,1995,770890
1278,NAM,565,2000,815055
1279,NAM,565,2005,942000
1280,NAM,565,2010,1049122
1281,LES,570,1970,230561
1282,LES,570,1975,262280
1283,LES,570,1980,294000
1284,LES,570,1985,315630
1285,LES,570,1990,320940
1286,LES,570,1995,344590
1287,LES,570,2000,357000
1288,LES,570,2005,425000
1289,LES,570,2010,496281
1290,BOT,571,1970,83449
1291,BOT,571,1975,105724
1292,BOT,571,1980,128000
1293,BOT,571,1985,137230
1294,BOT,571,1990,146460
1295,BOT,571,1995,159712
1296,BOT,571,2000,173421
1297,BOT,571,2005,214035
1298,BOT,571,2010,235097
1299,SWA,572,1970,61322
1300,SWA,572,1975,86861
1301,SWA,572,1980,112400
1302,SWA,572,1985,113955
1303,SWA,572,1990,115510
1304,SWA,572,1995,107247
1305,SWA,572,2000,367823
1306,SWA,572,2005,394100
1307,SWA,572,2010,352752
1308,MAG,580,1960,1288080
1309,MAG,580,1965,1398400
1310,MAG,580,1970,1415198
1311,MAG,580,1975,1633380
1312,MAG,580,1980,1995840
1313,MAG,580,1985,2196700
1314,MAG,580,1990,2725000
1315,MAG,580,1995,3718500
1316,MAG,580,2000,3479105
1317,MAG,580,2005,3672450
1318,MAG,580,2010,4103362
1319,COM,581,1975,191
1320,COM,581,1980,300
1321,COM,581,1985,470
1322,COM,581,1990,640
1323,COM,581,1995,896
1324,COM,581,2000,0
1325,COM,581,2005,0
1326,COM,581,2010,0
1327,MAS,590,1970,5894
1328,MAS,590,1975,8597
1329,MAS,590,1980,9500
1330,MAS,590,1985,32125
1331,MAS,590,1990,47950
1332,MAS,590,1995,58540
1333,MAS,590,2000,53000
1334,MAS,590,2005,39947
1335,MAS,590,2010,26894
1336,SEY,591,1980,590
1337,SEY,591,1985,1070
1338,SEY,591,1990,1550
1339,SEY,591,1995,594
1340,SEY,591,2000,540
1341,SEY,591,2005,2197
1342,SEY,591,2010,3855
1343,MOR,600,1955,0
1344,MOR,600,1960,0
1345,MOR,600,1965,0
1346,MOR,600,1970,0
1347,MOR,600,1975,3650
1348,MOR,600,1980,7300
1349,MOR,600,1985,0
1350,MOR,600,1990,4300
1351,MOR,600,1995,23
1352,MOR,600,2000,0
1353,MOR,600,2005,0
1354,MOR,600,2010,0
1355,ALG,615,1965,0
1356,ALG,615,1970,0
1357,ALG,615,1975,2256
1358,ALG,615,1980,4513
1359,ALG,615,1985,0
1360,ALG,615,1990,3950
1361,ALG,615,1995,0
1362,ALG,615,2000,0
1363,ALG,615,2005,0
1364,ALG,615,2010,0
1365,TUN,616,1955,0
1366,TUN,616,1960,0
1367,TUN,616,1965,0
1368,TUN,616,1970,0
1369,TUN,616,1975,143
1370,TUN,616,1980,286
1371,TUN,616,1985,0
1372,TUN,616,1990,650
1373,TUN,616,1995,0
1374,TUN,616,2000,0
1375,TUN,616,2005,0
1376,TUN,616,2010,0
1377,LIB,620,1950,0
1378,LIB,620,1955,0
1379,LIB,620,1960,0
1380,LIB,620,1965,0
1381,LIB,620,1970,0
1382,LIB,620,1975,1950
1383,LIB,620,1980,3900
1384,LIB,620,1985,0
1385,LIB,620,1990,1400
1386,LIB,620,1995,1449
1387,LIB,620,2000,0
1388,LIB,620,2005,0
1389,LIB,620,2010,0
1390,SUD,625,1960,0
1391,SUD,625,1965,0
1392,SUD,625,1970,0
1393,SUD,625,1975,0
1394,SUD,625,1980,0
1395,SUD,625,1985,0
1396,SUD,625,1990,575000
1397,SUD,625,1995,729850
1398,SUD,625,2000,624700
1399,SUD,625,2005,530955
1400,SUD,625,2010,703757
1401,IRN,630,1945,0
1402,IRN,630,1950,0
1403,IRN,630,1955,0
1404,IRN,630,1960,0
1405,IRN,630,1965,2533
1406,IRN,630,1970,0
1407,IRN,630,1975,0
1408,IRN,630,1980,17450
1409,IRN,630,1985,0
1410,IRN,630,1990,4633
1411,IRN,630,1995,2316
1412,IRN,630,2000,0
1413,IRN,630,2005,0
1414,IRN,630,2010,0
1415,TUR,640,1945,5213
1416,TUR,640,1950,0
1417,TUR,640,1955,6992
1418,TUR,640,1960,4349
1419,TUR,640,1965,0
1420,TUR,640,1970,11491
1421,TUR,640,1975,18545
1422,TUR,640,1980,25600
1423,TUR,640,1985,58000
1424,TUR,640,1990,49500
1425,TUR,640,1995,54393
1426,TUR,640,2000,55933
1427,TUR,640,2005,60531
1428,TUR,640,2010,64498
1429,IRQ,645,1945,6841
1430,IRQ,645,1950,0
1431,IRQ,645,1955,2892
1432,IRQ,645,1960,2721
1433,IRQ,645,1965,0
1434,IRQ,645,1970,0
1435,IRQ,645,1975,898
1436,IRQ,645,1980,1796
1437,IRQ,645,1985,0
1438,IRQ,645,1990,1150
1439,IRQ,645,1995,0
1440,IRQ,645,2000,0
1441,IRQ,645,2005,0
1442,IRQ,645,2010,0
1443,EGY,651,1945,63560
1444,EGY,651,1950,0
1445,EGY,651,1955,0
1446,EGY,651,1960,0
1447,EGY,651,1965,0
1448,EGY,651,1970,0
1449,EGY,651,1975,15000
1450,EGY,651,1980,47610
1451,EGY,651,1985,61791
1452,EGY,651,1990,100000
1453,EGY,651,1995,104301
1454,EGY,651,2000,547760
1455,EGY,651,2005,1095660
1456,EGY,651,2010,1219163
1457,SYR,652,1950,12661
1458,SYR,652,1955,15683
1459,SYR,652,1960,16346
1460,SYR,652,1965,17010
1461,SYR,652,1970,0
1462,SYR,652,1975,14509
1463,SYR,652,1980,29018
1464,SYR,652,1985,32910
1465,SYR,652,1990,27500
1466,SYR,652,1995,40405
1467,SYR,652,2000,45928
1468,SYR,652,2005,65000
1469,SYR,652,2010,72993
1470,LEB,660,1945,11560
1471,LEB,660,1950,14430
1472,LEB,660,1955,7215
1473,LEB,660,1960,0
1474,LEB,660,1965,12345
1475,LEB,660,1970,24690
1476,LEB,660,1975,12345
1477,LEB,660,1980,0
1478,LEB,660,1985,0
1479,LEB,660,1990,0
1480,LEB,660,1995,30000
1481,LEB,660,2000,32291
1482,LEB,660,2005,28574
1483,LEB,660,2010,28567
1484,JOR,663,1945,0
1485,JOR,663,1950,0
1486,JOR,663,1955,0
1487,JOR,663,1960,0
1488,JOR,663,1965,0
1489,JOR,663,1970,0
1490,JOR,663,1975,0
1491,JOR,663,1980,9960
1492,JOR,663,1985,13728
1493,JOR,663,1990,9000
1494,JOR,663,1995,29955
1495,JOR,663,2000,0
1496,JOR,663,2005,0
1497,JOR,663,2010,0
1498,ISR,666,1950,0
1499,ISR,666,1955,0
1500,ISR,666,1960,0
1501,ISR,666,1965,0
1502,ISR,666,1970,0
1503,ISR,666,1975,0
1504,ISR,666,1980,0
1505,ISR,666,1985,0
1506,ISR,666,1990,0
1507,ISR,666,1995,0
1508,ISR,666,2000,0
1509,ISR,666,2005,0
1510,ISR,666,2010,0
1511,SAU,670,1945,0
1512,SAU,670,1950,0
1513,SAU,670,1955,0
1514,SAU,670,1960,0
1515,SAU,670,1965,0
1516,SAU,670,1970,0
1517,SAU,670,1975,10000
1518,SAU,670,1980,20000
1519,SAU,670,1985,23200
1520,SAU,670,1990,26400
1521,SAU,670,1995,0
1522,SAU,670,2000,0
1523,SAU,670,2005,0
1524,SAU,670,2010,0
1525,YAR,678,1945,0
1526,YAR,678,1950,0
1527,YAR,678,1955,0
1528,YAR,678,1960,0
1529,YAR,678,1965,0
1530,YAR,678,1970,0
1531,YAR,678,1975,55
1532,YAR,678,1980,110
1533,YAR,678,1985,0
1534,YAR,678,1990,0
1535,YEM,679,1990,0
1536,YEM,679,1995,0
1537,YEM,679,2000,0
1538,YEM,679,2005,0
1539,YEM,679,2010,0
1540,YPR,680,1970,0
1541,YPR,680,1975,0
1542,YPR,680,1980,0
1543,YPR,680,1985,0
1544,YPR,680,1990,0
1545,KUW,690,1960,0
1546,KUW,690,1965,0
1547,KUW,690,1970,0
1548,KUW,690,1975,0
1549,KUW,690,1980,2000
1550,KUW,690,1985,2510
1551,KUW,690,1990,550
1552,KUW,690,1995,434
1553,KUW,690,2000,0
1554,KUW,690,2005,0
1555,KUW,690,2010,0
1556,BAH,692,1970,0
1557,BAH,692,1975,0
1558,BAH,692,1980,2700
1559,BAH,692,1985,0
1560,BAH,692,1990,0
1561,BAH,692,1995,0
1562,BAH,692,2000,6170
1563,BAH,692,2005,9968
1564,BAH,692,2010,13767
1565,QAT,694,1970,0
1566,QAT,694,1975,0
1567,QAT,694,1980,3500
1568,QAT,694,1985,5471
1569,QAT,694,1990,3500
1570,QAT,694,1995,3946
1571,QAT,694,2000,2114
1572,QAT,694,2005,1544
1573,QAT,694,2010,6000
1574,UAE,696,1970,0
1575,UAE,696,1975,0
1576,UAE,696,1980,4780
1577,UAE,696,1985,7308
1578,UAE,696,1990,8000
1579,UAE,696,1995,9636
1580,UAE,696,2000,0
1581,UAE,696,2005,0
1582,UAE,696,2010,0
1583,OMA,698,1970,0
1584,OMA,698,1975,0
1585,OMA,698,1980,620
1586,OMA,698,1985,781
1587,OMA,698,1990,3300
1588,OMA,698,1995,4500
1589,OMA,698,2000,5200
1590,OMA,698,2005,6500
1591,OMA,698,2010,6900
1592,AFG,700,1945,77
1593,AFG,700,1950,219
1594,AFG,700,1955,621
1595,AFG,700,1960,1022
1596,AFG,700,1965,1424
1597,AFG,700,1970,1825
1598,AFG,700,1975,1894
1599,AFG,700,1980,1963
1600,AFG,700,1985,2031
1601,AFG,700,1990,2100
1602,AFG,700,1995,2368
1603,AFG,700,2000,2636
1604,AFG,700,2005,18500
1605,AFG,700,2010,6000
1606,TKM,701,1995,0
1607,TKM,701,2000,0
1608,TKM,701,2005,0
1609,TKM,701,2010,0
1610,TAJ,702,1995,10875
1611,TAJ,702,2000,0
1612,TAJ,702,2005,0
1613,TAJ,702,2010,0
1614,KYR,703,1995,35050
1615,KYR,703,2000,0
1616,KYR,703,2005,0
1617,KYR,703,2010,11000
1618,UZB,704,1995,0
1619,UZB,704,2000,0
1620,UZB,704,2005,0
1621,UZB,704,2010,0
1622,KZK,705,1995,66830
1623,KZK,705,2000,0
1624,KZK,705,2005,0
1625,KZK,705,2010,0
1626,CHN,710,1945,246262
1627,CHN,710,1950,415191
1628,CHN,710,1955,700000
1629,CHN,710,1960,725000
1630,CHN,710,1965,950000
1631,CHN,710,1970,241726
1632,CHN,710,1975,2948188
1633,CHN,710,1980,5654650
1634,CHN,710,1985,8361113
1635,CHN,710,1990,11067575
1636,CHN,710,1995,13774037
1637,CHN,710,2000,48547204
1638,CHN,710,2005,49541357
1639,CHN,710,2010,51116622
1640,MON,712,1945,0
1641,MON,712,1950,0
1642,MON,712,1955,0
1643,MON,712,1960,0
1644,MON,712,1965,0
1645,MON,712,1970,0
1646,MON,712,1975,4328
1647,MON,712,1980,8655
1648,MON,712,1985,9983
1649,MON,712,1990,17310
1650,MON,712,1995,15044
1651,MON,712,2000,10000
1652,MON,712,2005,10706
1653,MON,712,2010,28833
1654,TAW,713,1950,118089
1655,TAW,713,1955,137911
1656,TAW,713,1960,167733
1657,TAW,713,1965,187554
1658,TAW,713,1970,277376
1659,TAW,713,1975,344438
1660,TAW,713,1980,411500
1661,TAW,713,1985,390750
1662,TAW,713,1990,370000
1663,TAW,713,1995,363278
1664,TAW,713,2000,605000
1665,TAW,713,2005,505000
1666,TAW,713,2010,629753
1667,PRK,731,1950,68219
1668,PRK,731,1955,80689
1669,PRK,731,1960,93159
1670,PRK,731,1965,105628
1671,PRK,731,1970,118098
1672,PRK,731,1975,124499
1673,PRK,731,1980,130900
1674,PRK,731,1985,70450
1675,PRK,731,1990,10000
1676,PRK,731,1995,10348
1677,PRK,731,2000,10000
1678,PRK,731,2005,9883
1679,PRK,731,2010,10147
1680,ROK,732,1950,793923
1681,ROK,732,1955,1166500
1682,ROK,732,1960,1500720
1683,ROK,732,1965,1849778
1684,ROK,732,1970,2198836
1685,ROK,732,1975,3167168
1686,ROK,732,1980,4135500
1687,ROK,732,1985,6489282
1688,ROK,732,1990,7624809
1689,ROK,732,1995,8760336
1690,ROK,732,2000,8688387
1691,ROK,732,2005,8616438
1692,ROK,732,2010,8748356
1693,JPN,740,1945,115166
1694,JPN,740,1950,150000
1695,JPN,740,1955,400000
1696,JPN,740,1960,425000
1697,JPN,740,1965,450000
1698,JPN,740,1970,433259
1699,JPN,740,1975,508629
1700,JPN,740,1980,584000
1701,JPN,740,1985,562000
1702,JPN,740,1990,540000
1703,JPN,740,1995,525328
1704,JPN,740,2000,1556576
1705,JPN,740,2005,1569585
1706,JPN,740,2010,1307988
1707,IND,750,1950,1838043
1708,IND,750,1955,2140375
1709,IND,750,1960,4442706
1710,IND,750,1965,5445038
1711,IND,750,1970,7047369
1712,IND,750,1975,9021219
1713,IND,750,1980,10995070
1714,IND,750,1985,12297535
1715,IND,750,1990,13600000
1716,IND,750,1995,14199733
1717,IND,750,2000,7481998
1718,IND,750,2005,8086930
1719,IND,750,2010,8691861
1720,BHU,760,1975,200
1721,BHU,760,1980,800
1722,BHU,760,1985,1850
1723,BHU,760,1990,2900
1724,BHU,760,1995,4498
1725,BHU,760,2000,6100
1726,BHU,760,2005,5000
1727,BHU,760,2010,3334
1728,PAK,770,1950,496969
1729,PAK,770,1955,693571
1730,PAK,770,1960,850174
1731,PAK,770,1965,1086776
1732,PAK,770,1970,1283378
1733,PAK,770,1975,1044439
1734,PAK,770,1980,805500
1735,PAK,770,1985,1058100
1736,PAK,770,1990,1310700
1737,PAK,770,1995,1489852
1738,PAK,770,2000,1168749
1739,PAK,770,2005,1149905
1740,PAK,770,2010,1258103
1741,BNG,771,1975,39480
1742,BNG,771,1980,44339
1743,BNG,771,1985,49610
1744,BNG,771,1990,54882
1745,BNG,771,1995,48367
1746,BNG,771,2000,41853
1747,BNG,771,2005,94571
1748,BNG,771,2010,147290
1749,MYA,775,1950,518911
1750,MYA,775,1955,827956
1751,MYA,775,1960,1137000
1752,MYA,775,1965,1065926
1753,MYA,775,1970,994851
1754,MYA,775,1975,1206726
1755,MYA,775,1980,1418600
1756,MYA,775,1985,1729300
1757,MYA,775,1990,1940000
1758,MYA,775,1995,2255300
1759,MYA,775,2000,2300000
1760,MYA,775,2005,3125404
1761,MYA,775,2010,3200000
1762,SRI,780,1950,51212
1763,SRI,780,1955,54649
1764,SRI,780,1960,58085
1765,SRI,780,1965,61522
1766,SRI,780,1970,64958
1767,SRI,780,1975,70379
1768,SRI,780,1980,75800
1769,SRI,780,1985,83900
1770,SRI,780,1990,92000
1771,SRI,780,1995,132792
1772,SRI,780,2000,102000
1773,SRI,780,2005,110140
1774,SRI,780,2010,220966
1775,MAD,781,1965,148
1776,MAD,781,1970,94
1777,MAD,781,1975,59
1778,MAD,781,1980,25
1779,MAD,781,1985,102
1780,MAD,781,1990,180
1781,MAD,781,1995,310
1782,MAD,781,2000,500
1783,MAD,781,2005,513
1784,MAD,781,2010,554
1785,NEP,790,1945,3
1786,NEP,790,1950,24
1787,NEP,790,1955,161
1788,NEP,790,1960,297
1789,NEP,790,1965,434
1790,NEP,790,1970,570
1791,NEP,790,1975,770
1792,NEP,790,1980,970
1793,NEP,790,1985,4485
1794,NEP,790,1990,8000
1795,NEP,790,1995,60594
1796,NEP,790,2000,44653
1797,NEP,790,2005,43297
1798,NEP,790,2010,41940
1799,THI,800,1945,16025
1800,THI,800,1950,19066
1801,THI,800,1955,22683
1802,THI,800,1960,26300
1803,THI,800,1965,29916
1804,THI,800,1970,33533
1805,THI,800,1975,92966
1806,THI,800,1980,152400
1807,THI,800,1985,207075
1808,THI,800,1990,261750
1809,THI,800,1995,280381
1810,THI,800,2000,289812
1811,THI,800,2005,170397
1812,THI,800,2010,190694
1813,CAM,811,1955,8059
1814,CAM,811,1960,8815
1815,CAM,811,1965,9641
1816,CAM,811,1970,10546
1817,CAM,811,1975,11535
1818,CAM,811,1980,12523
1819,CAM,811,1985,13512
1820,CAM,811,1990,14500
1821,CAM,811,1995,48627
1822,CAM,811,2000,32185
1823,CAM,811,2005,28616
1824,CAM,811,2010,25047
1825,LAO,812,1955,2146
1826,LAO,812,1960,3692
1827,LAO,812,1965,5237
1828,LAO,812,1970,6783
1829,LAO,812,1975,9991
1830,LAO,812,1980,13200
1831,LAO,812,1985,19100
1832,LAO,812,1990,25000
1833,LAO,812,1995,57322
1834,LAO,812,2000,74785
1835,LAO,812,2005,58628
1836,LAO,812,2010,63397
1837,DRV,816,1955,135500
1838,DRV,816,1960,161000
1839,DRV,816,1965,190000
1840,DRV,816,1970,161005
1841,DRV,816,1975,349162
1842,DRV,816,1980,537320
1843,DRV,816,1985,498660
1844,DRV,816,1990,460000
1845,DRV,816,1995,737930
1846,DRV,816,2000,798320
1847,DRV,816,2005,831060
1848,DRV,816,2010,967098
1849,RVN,817,1955,0
1850,RVN,817,1960,0
1851,RVN,817,1965,0
1852,RVN,817,1970,0
1853,MAL,820,1960,91472
1854,MAL,820,1965,117795
1855,MAL,820,1970,151694
1856,MAL,820,1975,195347
1857,MAL,820,1980,239000
1858,MAL,820,1985,297140
1859,MAL,820,1990,313786
1860,MAL,820,1995,377914
1861,MAL,820,2000,436949
1862,MAL,820,2005,518849
1863,MAL,820,2010,600749
1864,SIN,830,1965,27999
1865,SIN,830,1970,35483
1866,SIN,830,1975,44966
1867,SIN,830,1980,54450
1868,SIN,830,1985,77225
1869,SIN,830,1990,100000
1870,SIN,830,1995,138998
1871,SIN,830,2000,168093
1872,SIN,830,2005,217431
1873,SIN,830,2010,266768
1874,BRU,835,1985,4677
1875,BRU,835,1990,4800
1876,BRU,835,1995,4925
1877,BRU,835,2000,4917
1878,BRU,835,2005,5696
1879,BRU,835,2010,1853
1880,PHI,840,1950,608250
1881,PHI,840,1955,707040
1882,PHI,840,1960,1354400
1883,PHI,840,1965,1275240
1884,PHI,840,1970,1467360
1885,PHI,840,1975,2103550
1886,PHI,840,1980,2415850
1887,PHI,840,1985,2733400
1888,PHI,840,1990,3079476
1889,PHI,840,1995,3339738
1890,PHI,840,2000,3600000
1891,PHI,840,2005,4212050
1892,PHI,840,2010,7487470
1893,INS,850,1950,2147526
1894,INS,850,1955,3172515
1895,INS,850,1960,4197504
1896,INS,850,1965,5222492
1897,INS,850,1970,6247481
1898,INS,850,1975,7701390
1899,INS,850,1990,10768980
1900,INS,850,1995,13634490
1901,INS,850,2000,16500000
1902,INS,850,2005,16648600
1903,INS,850,2010,16797200
1904,ETM,860,2005,9920
1905,ETM,860,2010,16916
1906,AUL,900,1945,1390251
1907,AUL,900,1950,1480362
1908,AUL,900,1955,1656000
1909,AUL,900,1960,1840500
1910,AUL,900,1965,2052923
1911,AUL,900,1970,1879811
1912,AUL,900,1975,1945020
1913,AUL,900,1980,2084200
1914,AUL,900,1985,2282100
1915,AUL,900,1990,2480000
1916,AUL,900,1995,2184300
1917,AUL,900,2000,2282685
1918,AUL,900,2005,2002561
1919,AUL,900,2010,2017577
1920,PNG,910,1975,1132320
1921,PNG,910,1980,1244350
1922,PNG,910,1985,1648500
1923,PNG,910,1990,1849000
1924,PNG,910,1995,2017000
1925,PNG,910,2000,2884200
1926,PNG,910,2005,3670800
1927,PNG,910,2010,4132132
1928,NEW,920,1945,639360
1929,NEW,920,1950,654000
1930,NEW,920,1955,732100
1931,NEW,920,1960,800200
1932,NEW,920,1965,873520
1933,NEW,920,1970,849176
1934,NEW,920,1975,863240
1935,NEW,920,1980,809380
1936,NEW,920,1985,811750
1937,NEW,920,1990,840000
1938,NEW,920,1995,814660
1939,NEW,920,2000,699119
1940,NEW,920,2005,655733
1941,NEW,920,2010,692769
1942,VAN,935,1985,62560
1943,VAN,935,1990,70000
1944,VAN,935,1995,80150
1945,VAN,935,2000,114000
1946,VAN,935,2005,122640
1947,VAN,935,2010,140012
1948,SOL,940,1980,74910
1949,SOL,940,1985,94500
1950,SOL,940,1990,128000
1951,SOL,940,1995,151200
1952,SOL,940,2000,168720
1953,SOL,940,2005,184742
1954,SOL,940,2010,203882
1955,KIR,946,2000,42420
1956,KIR,946,2005,37720
1957,KIR,946,2010,42230
1958,TUV,947,2000,10340
1959,TUV,947,2005,9600
1960,TUV,947,2010,9664
1961,FIJ,950,1970,187302
1962,FIJ,950,1975,206000
1963,FIJ,950,1980,225500
1964,FIJ,950,1985,250920
1965,FIJ,950,1990,306500
1966,FIJ,950,1995,366160
1967,FIJ,950,2000,350000
1968,FIJ,950,2005,355000
1969,FIJ,950,2010,420000
1970,TON,955,2000,45100
1971,TON,955,2005,46084
1972,TON,955,2010,46119
1973,NAU,970,2000,8710
1974,NAU,970,2005,8450
1975,NAU,970,2010,6459
1976,MSI,983,1995,47000
1977,MSI,983,2000,51200
1978,MSI,983,2005,43200
1979,MSI,983,2010,42561
1980,PAL,986,1995,4500
1981,PAL,986,2000,3370
1982,PAL,986,2005,3300
1983,PAL,986,2010,3700
1984,FSM,987,1995,45150
1985,FSM,987,2000,44810
1986,FSM,987,2005,41045
1987,FSM,987,2010,33500
1988,WSM,990,1980,92040
1989,WSM,990,1985,94200
1990,WSM,990,1990,98400
1991,WSM,990,1995,99000
1992,WSM,990,2000,138600
1993,WSM,990,2005,140910
1994,WSM,990,2010,139757
