id,stateabb1,ccode1,stateabb2,ccode2,year,defense,major_1,major_2
1,USA,2,CAN,20,1950,1,1.0,0.0
2,USA,2,CAN,20,1951,1,1.0,0.0
3,USA,2,CAN,20,1952,1,1.0,0.0
4,USA,2,CAN,20,1953,1,1.0,0.0
5,USA,2,CAN,20,1954,1,1.0,0.0
6,USA,2,CAN,20,1955,1,1.0,0.0
7,USA,2,CAN,20,1956,1,1.0,0.0
8,USA,2,CAN,20,1957,1,1.0,0.0
9,USA,2,CAN,20,1958,1,1.0,0.0
10,USA,2,CAN,20,1959,1,1.0,0.0
11,USA,2,CAN,20,1960,1,1.0,0.0
12,USA,2,CAN,20,1961,1,1.0,0.0
13,USA,2,CAN,20,1962,1,1.0,0.0
14,USA,2,CAN,20,1963,1,1.0,0.0
15,USA,2,CAN,20,1964,1,1.0,0.0
16,USA,2,CAN,20,1965,1,1.0,0.0
17,USA,2,CAN,20,1966,1,1.0,0.0
18,USA,2,CAN,20,1967,1,1.0,0.0
19,USA,2,CAN,20,1968,1,1.0,0.0
20,USA,2,CAN,20,1969,1,1.0,0.0
21,USA,2,CAN,20,1970,1,1.0,0.0
22,USA,2,CAN,20,1971,1,1.0,0.0
23,USA,2,CAN,20,1972,1,1.0,0.0
24,USA,2,CAN,20,1973,1,1.0,0.0
25,USA,2,CAN,20,1974,1,1.0,0.0
26,USA,2,CAN,20,1975,1,1.0,0.0
27,USA,2,CAN,20,1976,1,1.0,0.0
28,USA,2,CAN,20,1977,1,1.0,0.0
29,USA,2,CAN,20,1978,1,1.0,0.0
30,USA,2,CAN,20,1979,1,1.0,0.0
31,USA,2,CAN,20,1980,1,1.0,0.0
32,USA,2,CAN,20,1981,1,1.0,0.0
33,USA,2,CAN,20,1982,1,1.0,0.0
34,USA,2,CAN,20,1983,1,1.0,0.0
35,USA,2,CAN,20,1984,1,1.0,0.0
36,USA,2,CAN,20,1985,1,1.0,0.0
37,USA,2,CAN,20,1986,1,1.0,0.0
38,USA,2,CAN,20,1987,1,1.0,0.0
39,USA,2,CAN,20,1988,1,1.0,0.0
40,USA,2,CAN,20,1989,1,1.0,0.0
41,USA,2,CAN,20,1990,1,1.0,0.0
42,USA,2,CAN,20,1991,1,1.0,0.0
43,USA,2,CAN,20,1992,1,1.0,0.0
44,USA,2,CAN,20,1993,1,1.0,0.0
45,USA,2,CAN,20,1994,1,1.0,0.0
46,USA,2,CAN,20,1995,1,1.0,0.0
47,USA,2,CAN,20,1996,1,1.0,0.0
48,USA,2,CAN,20,1997,1,1.0,0.0
49,USA,2,CAN,20,1998,1,1.0,0.0
50,USA,2,CAN,20,1999,1,1.0,0.0
51,USA,2,CAN,20,2000,1,1.0,0.0
52,USA,2,CAN,20,2001,1,1.0,0.0
53,USA,2,CAN,20,2002,1,1.0,0.0
54,USA,2,CAN,20,2003,1,1.0,0.0
55,USA,2,CAN,20,2004,1,1.0,0.0
56,USA,2,CAN,20,2005,1,1.0,0.0
57,USA,2,CAN,20,2006,1,1.0,0.0
58,USA,2,CAN,20,2007,1,1.0,0.0
59,USA,2,CAN,20,2008,1,1.0,0.0
60,USA,2,CAN,20,2009,1,1.0,0.0
61,USA,2,CAN,20,2010,1,1.0,0.0
62,USA,2,CAN,20,2011,1,1.0,0.0
63,USA,2,CAN,20,2012,1,1.0,0.0
64,USA,2,BHM,31,1982,1,1.0,0.0
65,USA,2,BHM,31,1983,1,1.0,0.0
66,USA,2,BHM,31,1984,1,1.0,0.0
67,USA,2,BHM,31,1985,1,1.0,0.0
68,USA,2,BHM,31,1986,1,1.0,0.0
69,USA,2,BHM,31,1987,1,1.0,0.0
70,USA,2,BHM,31,1988,1,1.0,0.0
71,USA,2,BHM,31,1989,1,1.0,0.0
72,USA,2,BHM,31,1990,1,1.0,0.0
73,USA,2,BHM,31,1991,1,1.0,0.0
74,USA,2,BHM,31,1992,1,1.0,0.0
75,USA,2,BHM,31,1993,1,1.0,0.0
76,USA,2,BHM,31,1994,1,1.0,0.0
77,USA,2,BHM,31,1995,1,1.0,0.0
78,USA,2,BHM,31,1996,1,1.0,0.0
79,USA,2,BHM,31,1997,1,1.0,0.0
80,USA,2,BHM,31,1998,1,1.0,0.0
81,USA,2,BHM,31,1999,1,1.0,0.0
82,USA,2,BHM,31,2000,1,1.0,0.0
83,USA,2,BHM,31,2001,1,1.0,0.0
84,USA,2,BHM,31,2002,1,1.0,0.0
85,USA,2,BHM,31,2003,1,1.0,0.0
86,USA,2,BHM,31,2004,1,1.0,0.0
87,USA,2,BHM,31,2005,1,1.0,0.0
88,USA,2,BHM,31,2006,1,1.0,0.0
89,USA,2,BHM,31,2007,1,1.0,0.0
90,USA,2,BHM,31,2008,1,1.0,0.0
91,USA,2,BHM,31,2009,1,1.0,0.0
92,USA,2,BHM,31,2010,1,1.0,0.0
93,USA,2,BHM,31,2011,1,1.0,0.0
94,USA,2,BHM,31,2012,1,1.0,0.0
95,USA,2,CUB,40,1936,0,1.0,0.0
96,USA,2,CUB,40,1937,0,1.0,0.0
97,USA,2,CUB,40,1938,0,1.0,0.0
98,USA,2,CUB,40,1939,0,1.0,0.0
99,USA,2,CUB,40,1940,0,1.0,0.0
100,USA,2,CUB,40,1941,0,1.0,0.0
101,USA,2,CUB,40,1942,0,1.0,0.0
102,USA,2,CUB,40,1943,0,1.0,0.0
103,USA,2,CUB,40,1944,0,1.0,0.0
104,USA,2,CUB,40,1945,1,1.0,0.0
105,USA,2,CUB,40,1946,1,1.0,0.0
106,USA,2,CUB,40,1947,1,1.0,0.0
107,USA,2,CUB,40,1948,1,1.0,0.0
108,USA,2,CUB,40,1949,1,1.0,0.0
109,USA,2,CUB,40,1950,1,1.0,0.0
110,USA,2,CUB,40,1951,1,1.0,0.0
111,USA,2,CUB,40,1952,1,1.0,0.0
112,USA,2,CUB,40,1953,1,1.0,0.0
113,USA,2,CUB,40,1954,1,1.0,0.0
114,USA,2,CUB,40,1955,1,1.0,0.0
115,USA,2,CUB,40,1956,1,1.0,0.0
116,USA,2,CUB,40,1957,1,1.0,0.0
117,USA,2,CUB,40,1958,1,1.0,0.0
118,USA,2,CUB,40,1959,1,1.0,0.0
119,USA,2,CUB,40,1960,1,1.0,0.0
120,USA,2,CUB,40,1961,1,1.0,0.0
121,USA,2,CUB,40,1962,1,1.0,0.0
122,USA,2,HAI,41,1936,0,1.0,0.0
123,USA,2,HAI,41,1937,0,1.0,0.0
124,USA,2,HAI,41,1938,0,1.0,0.0
125,USA,2,HAI,41,1939,0,1.0,0.0
126,USA,2,HAI,41,1940,0,1.0,0.0
127,USA,2,HAI,41,1941,0,1.0,0.0
128,USA,2,HAI,41,1942,0,1.0,0.0
129,USA,2,HAI,41,1943,0,1.0,0.0
130,USA,2,HAI,41,1944,0,1.0,0.0
131,USA,2,HAI,41,1945,1,1.0,0.0
132,USA,2,HAI,41,1946,1,1.0,0.0
133,USA,2,HAI,41,1947,1,1.0,0.0
134,USA,2,HAI,41,1948,1,1.0,0.0
135,USA,2,HAI,41,1949,1,1.0,0.0
136,USA,2,HAI,41,1950,1,1.0,0.0
137,USA,2,HAI,41,1951,1,1.0,0.0
138,USA,2,HAI,41,1952,1,1.0,0.0
139,USA,2,HAI,41,1953,1,1.0,0.0
140,USA,2,HAI,41,1954,1,1.0,0.0
141,USA,2,HAI,41,1955,1,1.0,0.0
142,USA,2,HAI,41,1956,1,1.0,0.0
143,USA,2,HAI,41,1957,1,1.0,0.0
144,USA,2,HAI,41,1958,1,1.0,0.0
145,USA,2,HAI,41,1959,1,1.0,0.0
146,USA,2,HAI,41,1960,1,1.0,0.0
147,USA,2,HAI,41,1961,1,1.0,0.0
148,USA,2,HAI,41,1962,1,1.0,0.0
149,USA,2,HAI,41,1963,1,1.0,0.0
150,USA,2,HAI,41,1964,1,1.0,0.0
151,USA,2,HAI,41,1965,1,1.0,0.0
152,USA,2,HAI,41,1966,1,1.0,0.0
153,USA,2,HAI,41,1967,1,1.0,0.0
154,USA,2,HAI,41,1968,1,1.0,0.0
155,USA,2,HAI,41,1969,1,1.0,0.0
156,USA,2,HAI,41,1970,1,1.0,0.0
157,USA,2,HAI,41,1971,1,1.0,0.0
158,USA,2,HAI,41,1972,1,1.0,0.0
159,USA,2,HAI,41,1973,1,1.0,0.0
160,USA,2,HAI,41,1974,1,1.0,0.0
161,USA,2,HAI,41,1975,1,1.0,0.0
162,USA,2,HAI,41,1976,1,1.0,0.0
163,USA,2,HAI,41,1977,1,1.0,0.0
164,USA,2,HAI,41,1978,1,1.0,0.0
165,USA,2,HAI,41,1979,1,1.0,0.0
166,USA,2,HAI,41,1980,1,1.0,0.0
167,USA,2,HAI,41,1981,1,1.0,0.0
168,USA,2,HAI,41,1982,1,1.0,0.0
169,USA,2,HAI,41,1983,1,1.0,0.0
170,USA,2,HAI,41,1984,1,1.0,0.0
171,USA,2,HAI,41,1985,1,1.0,0.0
172,USA,2,HAI,41,1986,1,1.0,0.0
173,USA,2,HAI,41,1987,1,1.0,0.0
174,USA,2,HAI,41,1988,1,1.0,0.0
175,USA,2,HAI,41,1989,1,1.0,0.0
176,USA,2,HAI,41,1990,1,1.0,0.0
177,USA,2,HAI,41,1991,1,1.0,0.0
178,USA,2,HAI,41,1992,1,1.0,0.0
179,USA,2,HAI,41,1993,1,1.0,0.0
180,USA,2,HAI,41,1994,1,1.0,0.0
181,USA,2,HAI,41,1995,1,1.0,0.0
182,USA,2,HAI,41,1996,1,1.0,0.0
183,USA,2,HAI,41,1997,1,1.0,0.0
184,USA,2,HAI,41,1998,1,1.0,0.0
185,USA,2,HAI,41,1999,1,1.0,0.0
186,USA,2,HAI,41,2000,1,1.0,0.0
187,USA,2,HAI,41,2001,1,1.0,0.0
188,USA,2,HAI,41,2002,1,1.0,0.0
189,USA,2,HAI,41,2003,1,1.0,0.0
190,USA,2,HAI,41,2004,1,1.0,0.0
191,USA,2,HAI,41,2005,1,1.0,0.0
192,USA,2,HAI,41,2006,1,1.0,0.0
193,USA,2,HAI,41,2007,1,1.0,0.0
194,USA,2,HAI,41,2008,1,1.0,0.0
195,USA,2,HAI,41,2009,1,1.0,0.0
196,USA,2,HAI,41,2010,1,1.0,0.0
197,USA,2,HAI,41,2011,1,1.0,0.0
198,USA,2,HAI,41,2012,1,1.0,0.0
199,USA,2,DOM,42,1936,0,1.0,0.0
200,USA,2,DOM,42,1937,0,1.0,0.0
201,USA,2,DOM,42,1938,0,1.0,0.0
202,USA,2,DOM,42,1939,0,1.0,0.0
203,USA,2,DOM,42,1940,0,1.0,0.0
204,USA,2,DOM,42,1941,0,1.0,0.0
205,USA,2,DOM,42,1942,0,1.0,0.0
206,USA,2,DOM,42,1943,0,1.0,0.0
207,USA,2,DOM,42,1944,0,1.0,0.0
208,USA,2,DOM,42,1945,1,1.0,0.0
209,USA,2,DOM,42,1946,1,1.0,0.0
210,USA,2,DOM,42,1947,1,1.0,0.0
211,USA,2,DOM,42,1948,1,1.0,0.0
212,USA,2,DOM,42,1949,1,1.0,0.0
213,USA,2,DOM,42,1950,1,1.0,0.0
214,USA,2,DOM,42,1951,1,1.0,0.0
215,USA,2,DOM,42,1952,1,1.0,0.0
216,USA,2,DOM,42,1953,1,1.0,0.0
217,USA,2,DOM,42,1954,1,1.0,0.0
218,USA,2,DOM,42,1955,1,1.0,0.0
219,USA,2,DOM,42,1956,1,1.0,0.0
220,USA,2,DOM,42,1957,1,1.0,0.0
221,USA,2,DOM,42,1958,1,1.0,0.0
222,USA,2,DOM,42,1959,1,1.0,0.0
223,USA,2,DOM,42,1960,1,1.0,0.0
224,USA,2,DOM,42,1961,1,1.0,0.0
225,USA,2,DOM,42,1962,1,1.0,0.0
226,USA,2,DOM,42,1963,1,1.0,0.0
227,USA,2,DOM,42,1964,1,1.0,0.0
228,USA,2,DOM,42,1965,1,1.0,0.0
229,USA,2,DOM,42,1966,1,1.0,0.0
230,USA,2,DOM,42,1967,1,1.0,0.0
231,USA,2,DOM,42,1968,1,1.0,0.0
232,USA,2,DOM,42,1969,1,1.0,0.0
233,USA,2,DOM,42,1970,1,1.0,0.0
234,USA,2,DOM,42,1971,1,1.0,0.0
235,USA,2,DOM,42,1972,1,1.0,0.0
236,USA,2,DOM,42,1973,1,1.0,0.0
237,USA,2,DOM,42,1974,1,1.0,0.0
238,USA,2,DOM,42,1975,1,1.0,0.0
239,USA,2,DOM,42,1976,1,1.0,0.0
240,USA,2,DOM,42,1977,1,1.0,0.0
241,USA,2,DOM,42,1978,1,1.0,0.0
242,USA,2,DOM,42,1979,1,1.0,0.0
243,USA,2,DOM,42,1980,1,1.0,0.0
244,USA,2,DOM,42,1981,1,1.0,0.0
245,USA,2,DOM,42,1982,1,1.0,0.0
246,USA,2,DOM,42,1983,1,1.0,0.0
247,USA,2,DOM,42,1984,1,1.0,0.0
248,USA,2,DOM,42,1985,1,1.0,0.0
249,USA,2,DOM,42,1986,1,1.0,0.0
250,USA,2,DOM,42,1987,1,1.0,0.0
251,USA,2,DOM,42,1988,1,1.0,0.0
252,USA,2,DOM,42,1989,1,1.0,0.0
253,USA,2,DOM,42,1990,1,1.0,0.0
254,USA,2,DOM,42,1991,1,1.0,0.0
255,USA,2,DOM,42,1992,1,1.0,0.0
256,USA,2,DOM,42,1993,1,1.0,0.0
257,USA,2,DOM,42,1994,1,1.0,0.0
258,USA,2,DOM,42,1995,1,1.0,0.0
259,USA,2,DOM,42,1996,1,1.0,0.0
260,USA,2,DOM,42,1997,1,1.0,0.0
261,USA,2,DOM,42,1998,1,1.0,0.0
262,USA,2,DOM,42,1999,1,1.0,0.0
263,USA,2,DOM,42,2000,1,1.0,0.0
264,USA,2,DOM,42,2001,1,1.0,0.0
265,USA,2,DOM,42,2002,1,1.0,0.0
266,USA,2,DOM,42,2003,1,1.0,0.0
267,USA,2,DOM,42,2004,1,1.0,0.0
268,USA,2,DOM,42,2005,1,1.0,0.0
269,USA,2,DOM,42,2006,1,1.0,0.0
270,USA,2,DOM,42,2007,1,1.0,0.0
271,USA,2,DOM,42,2008,1,1.0,0.0
272,USA,2,DOM,42,2009,1,1.0,0.0
273,USA,2,DOM,42,2010,1,1.0,0.0
274,USA,2,DOM,42,2011,1,1.0,0.0
275,USA,2,DOM,42,2012,1,1.0,0.0
276,USA,2,JAM,51,1969,1,1.0,0.0
277,USA,2,JAM,51,1970,1,1.0,0.0
278,USA,2,JAM,51,1971,1,1.0,0.0
279,USA,2,JAM,51,1972,1,1.0,0.0
280,USA,2,JAM,51,1973,1,1.0,0.0
281,USA,2,JAM,51,1974,1,1.0,0.0
282,USA,2,JAM,51,1975,1,1.0,0.0
283,USA,2,JAM,51,1976,1,1.0,0.0
284,USA,2,JAM,51,1977,1,1.0,0.0
285,USA,2,JAM,51,1978,1,1.0,0.0
286,USA,2,JAM,51,1979,1,1.0,0.0
287,USA,2,JAM,51,1980,1,1.0,0.0
288,USA,2,JAM,51,1981,1,1.0,0.0
289,USA,2,JAM,51,1982,1,1.0,0.0
290,USA,2,JAM,51,1983,1,1.0,0.0
291,USA,2,JAM,51,1984,1,1.0,0.0
292,USA,2,JAM,51,1985,1,1.0,0.0
293,USA,2,JAM,51,1986,1,1.0,0.0
294,USA,2,JAM,51,1987,1,1.0,0.0
295,USA,2,JAM,51,1988,1,1.0,0.0
296,USA,2,JAM,51,1989,1,1.0,0.0
297,USA,2,JAM,51,1990,1,1.0,0.0
298,USA,2,JAM,51,1991,1,1.0,0.0
299,USA,2,JAM,51,1992,1,1.0,0.0
300,USA,2,JAM,51,1993,1,1.0,0.0
301,USA,2,JAM,51,1994,1,1.0,0.0
302,USA,2,JAM,51,1995,1,1.0,0.0
303,USA,2,JAM,51,1996,1,1.0,0.0
304,USA,2,JAM,51,1997,1,1.0,0.0
305,USA,2,JAM,51,1998,1,1.0,0.0
306,USA,2,JAM,51,1999,1,1.0,0.0
307,USA,2,JAM,51,2000,1,1.0,0.0
308,USA,2,JAM,51,2001,1,1.0,0.0
309,USA,2,JAM,51,2002,1,1.0,0.0
310,USA,2,JAM,51,2003,1,1.0,0.0
311,USA,2,JAM,51,2004,1,1.0,0.0
312,USA,2,JAM,51,2005,1,1.0,0.0
313,USA,2,JAM,51,2006,1,1.0,0.0
314,USA,2,JAM,51,2007,1,1.0,0.0
315,USA,2,JAM,51,2008,1,1.0,0.0
316,USA,2,JAM,51,2009,1,1.0,0.0
317,USA,2,JAM,51,2010,1,1.0,0.0
318,USA,2,JAM,51,2011,1,1.0,0.0
319,USA,2,JAM,51,2012,1,1.0,0.0
320,USA,2,TRI,52,1967,1,1.0,0.0
321,USA,2,TRI,52,1968,1,1.0,0.0
322,USA,2,TRI,52,1969,1,1.0,0.0
323,USA,2,TRI,52,1970,1,1.0,0.0
324,USA,2,TRI,52,1971,1,1.0,0.0
325,USA,2,TRI,52,1972,1,1.0,0.0
326,USA,2,TRI,52,1973,1,1.0,0.0
327,USA,2,TRI,52,1974,1,1.0,0.0
328,USA,2,TRI,52,1975,1,1.0,0.0
329,USA,2,TRI,52,1976,1,1.0,0.0
330,USA,2,TRI,52,1977,1,1.0,0.0
331,USA,2,TRI,52,1978,1,1.0,0.0
332,USA,2,TRI,52,1979,1,1.0,0.0
333,USA,2,TRI,52,1980,1,1.0,0.0
334,USA,2,TRI,52,1981,1,1.0,0.0
335,USA,2,TRI,52,1982,1,1.0,0.0
336,USA,2,TRI,52,1983,1,1.0,0.0
337,USA,2,TRI,52,1984,1,1.0,0.0
338,USA,2,TRI,52,1985,1,1.0,0.0
339,USA,2,TRI,52,1986,1,1.0,0.0
340,USA,2,TRI,52,1987,1,1.0,0.0
341,USA,2,TRI,52,1988,1,1.0,0.0
342,USA,2,TRI,52,1989,1,1.0,0.0
343,USA,2,TRI,52,1990,1,1.0,0.0
344,USA,2,TRI,52,1991,1,1.0,0.0
345,USA,2,TRI,52,1992,1,1.0,0.0
346,USA,2,TRI,52,1993,1,1.0,0.0
347,USA,2,TRI,52,1994,1,1.0,0.0
348,USA,2,TRI,52,1995,1,1.0,0.0
349,USA,2,TRI,52,1996,1,1.0,0.0
350,USA,2,TRI,52,1997,1,1.0,0.0
351,USA,2,TRI,52,1998,1,1.0,0.0
352,USA,2,TRI,52,1999,1,1.0,0.0
353,USA,2,TRI,52,2000,1,1.0,0.0
354,USA,2,TRI,52,2001,1,1.0,0.0
355,USA,2,TRI,52,2002,1,1.0,0.0
356,USA,2,TRI,52,2003,1,1.0,0.0
357,USA,2,TRI,52,2004,1,1.0,0.0
358,USA,2,TRI,52,2005,1,1.0,0.0
359,USA,2,TRI,52,2006,1,1.0,0.0
360,USA,2,TRI,52,2007,1,1.0,0.0
361,USA,2,TRI,52,2008,1,1.0,0.0
362,USA,2,TRI,52,2009,1,1.0,0.0
363,USA,2,TRI,52,2010,1,1.0,0.0
364,USA,2,TRI,52,2011,1,1.0,0.0
365,USA,2,TRI,52,2012,1,1.0,0.0
366,USA,2,BAR,53,1967,1,1.0,0.0
367,USA,2,BAR,53,1968,1,1.0,0.0
368,USA,2,BAR,53,1969,1,1.0,0.0
369,USA,2,BAR,53,1970,1,1.0,0.0
370,USA,2,BAR,53,1971,1,1.0,0.0
371,USA,2,BAR,53,1972,1,1.0,0.0
372,USA,2,BAR,53,1973,1,1.0,0.0
373,USA,2,BAR,53,1974,1,1.0,0.0
374,USA,2,BAR,53,1975,1,1.0,0.0
375,USA,2,BAR,53,1976,1,1.0,0.0
376,USA,2,BAR,53,1977,1,1.0,0.0
377,USA,2,BAR,53,1978,1,1.0,0.0
378,USA,2,BAR,53,1979,1,1.0,0.0
379,USA,2,BAR,53,1980,1,1.0,0.0
380,USA,2,BAR,53,1981,1,1.0,0.0
381,USA,2,BAR,53,1982,1,1.0,0.0
382,USA,2,BAR,53,1983,1,1.0,0.0
383,USA,2,BAR,53,1984,1,1.0,0.0
384,USA,2,BAR,53,1985,1,1.0,0.0
385,USA,2,BAR,53,1986,1,1.0,0.0
386,USA,2,BAR,53,1987,1,1.0,0.0
387,USA,2,BAR,53,1988,1,1.0,0.0
388,USA,2,BAR,53,1989,1,1.0,0.0
389,USA,2,BAR,53,1990,1,1.0,0.0
390,USA,2,BAR,53,1991,1,1.0,0.0
391,USA,2,BAR,53,1992,1,1.0,0.0
392,USA,2,BAR,53,1993,1,1.0,0.0
393,USA,2,BAR,53,1994,1,1.0,0.0
394,USA,2,BAR,53,1995,1,1.0,0.0
395,USA,2,BAR,53,1996,1,1.0,0.0
396,USA,2,BAR,53,1997,1,1.0,0.0
397,USA,2,BAR,53,1998,1,1.0,0.0
398,USA,2,BAR,53,1999,1,1.0,0.0
399,USA,2,BAR,53,2000,1,1.0,0.0
400,USA,2,BAR,53,2001,1,1.0,0.0
401,USA,2,BAR,53,2002,1,1.0,0.0
402,USA,2,BAR,53,2003,1,1.0,0.0
403,USA,2,BAR,53,2004,1,1.0,0.0
404,USA,2,BAR,53,2005,1,1.0,0.0
405,USA,2,BAR,53,2006,1,1.0,0.0
406,USA,2,BAR,53,2007,1,1.0,0.0
407,USA,2,BAR,53,2008,1,1.0,0.0
408,USA,2,BAR,53,2009,1,1.0,0.0
409,USA,2,BAR,53,2010,1,1.0,0.0
410,USA,2,BAR,53,2011,1,1.0,0.0
411,USA,2,BAR,53,2012,1,1.0,0.0
412,USA,2,DMA,54,1979,1,1.0,0.0
413,USA,2,DMA,54,1980,1,1.0,0.0
414,USA,2,DMA,54,1981,1,1.0,0.0
415,USA,2,DMA,54,1982,1,1.0,0.0
416,USA,2,DMA,54,1983,1,1.0,0.0
417,USA,2,DMA,54,1984,1,1.0,0.0
418,USA,2,DMA,54,1985,1,1.0,0.0
419,USA,2,DMA,54,1986,1,1.0,0.0
420,USA,2,DMA,54,1987,1,1.0,0.0
421,USA,2,DMA,54,1988,1,1.0,0.0
422,USA,2,DMA,54,1989,1,1.0,0.0
423,USA,2,DMA,54,1990,1,1.0,0.0
424,USA,2,DMA,54,1991,1,1.0,0.0
425,USA,2,DMA,54,1992,1,1.0,0.0
426,USA,2,DMA,54,1993,1,1.0,0.0
427,USA,2,DMA,54,1994,1,1.0,0.0
428,USA,2,DMA,54,1995,1,1.0,0.0
429,USA,2,DMA,54,1996,1,1.0,0.0
430,USA,2,DMA,54,1997,1,1.0,0.0
431,USA,2,DMA,54,1998,1,1.0,0.0
432,USA,2,DMA,54,1999,1,1.0,0.0
433,USA,2,DMA,54,2000,1,1.0,0.0
434,USA,2,DMA,54,2001,1,1.0,0.0
435,USA,2,DMA,54,2002,1,1.0,0.0
436,USA,2,DMA,54,2003,1,1.0,0.0
437,USA,2,DMA,54,2004,1,1.0,0.0
438,USA,2,DMA,54,2005,1,1.0,0.0
439,USA,2,DMA,54,2006,1,1.0,0.0
440,USA,2,DMA,54,2007,1,1.0,0.0
441,USA,2,DMA,54,2008,1,1.0,0.0
442,USA,2,DMA,54,2009,1,1.0,0.0
443,USA,2,DMA,54,2010,1,1.0,0.0
444,USA,2,DMA,54,2011,1,1.0,0.0
445,USA,2,DMA,54,2012,1,1.0,0.0
446,USA,2,GRN,55,1975,1,1.0,0.0
447,USA,2,GRN,55,1976,1,1.0,0.0
448,USA,2,GRN,55,1977,1,1.0,0.0
449,USA,2,GRN,55,1978,1,1.0,0.0
450,USA,2,GRN,55,1979,1,1.0,0.0
451,USA,2,GRN,55,1980,1,1.0,0.0
452,USA,2,GRN,55,1981,1,1.0,0.0
453,USA,2,GRN,55,1982,1,1.0,0.0
454,USA,2,GRN,55,1983,1,1.0,0.0
455,USA,2,GRN,55,1984,1,1.0,0.0
456,USA,2,GRN,55,1985,1,1.0,0.0
457,USA,2,GRN,55,1986,1,1.0,0.0
458,USA,2,GRN,55,1987,1,1.0,0.0
459,USA,2,GRN,55,1988,1,1.0,0.0
460,USA,2,GRN,55,1989,1,1.0,0.0
461,USA,2,GRN,55,1990,1,1.0,0.0
462,USA,2,GRN,55,1991,1,1.0,0.0
463,USA,2,GRN,55,1992,1,1.0,0.0
464,USA,2,GRN,55,1993,1,1.0,0.0
465,USA,2,GRN,55,1994,1,1.0,0.0
466,USA,2,GRN,55,1995,1,1.0,0.0
467,USA,2,GRN,55,1996,1,1.0,0.0
468,USA,2,GRN,55,1997,1,1.0,0.0
469,USA,2,GRN,55,1998,1,1.0,0.0
470,USA,2,GRN,55,1999,1,1.0,0.0
471,USA,2,GRN,55,2000,1,1.0,0.0
472,USA,2,GRN,55,2001,1,1.0,0.0
473,USA,2,GRN,55,2002,1,1.0,0.0
474,USA,2,GRN,55,2003,1,1.0,0.0
475,USA,2,GRN,55,2004,1,1.0,0.0
476,USA,2,GRN,55,2005,1,1.0,0.0
477,USA,2,GRN,55,2006,1,1.0,0.0
478,USA,2,GRN,55,2007,1,1.0,0.0
479,USA,2,GRN,55,2008,1,1.0,0.0
480,USA,2,GRN,55,2009,1,1.0,0.0
481,USA,2,GRN,55,2010,1,1.0,0.0
482,USA,2,GRN,55,2011,1,1.0,0.0
483,USA,2,GRN,55,2012,1,1.0,0.0
484,USA,2,SLU,56,1979,1,1.0,0.0
485,USA,2,SLU,56,1980,1,1.0,0.0
486,USA,2,SLU,56,1981,1,1.0,0.0
487,USA,2,SLU,56,1982,1,1.0,0.0
488,USA,2,SLU,56,1983,1,1.0,0.0
489,USA,2,SLU,56,1984,1,1.0,0.0
490,USA,2,SLU,56,1985,1,1.0,0.0
491,USA,2,SLU,56,1986,1,1.0,0.0
492,USA,2,SLU,56,1987,1,1.0,0.0
493,USA,2,SLU,56,1988,1,1.0,0.0
494,USA,2,SLU,56,1989,1,1.0,0.0
495,USA,2,SLU,56,1990,1,1.0,0.0
496,USA,2,SLU,56,1991,1,1.0,0.0
497,USA,2,SLU,56,1992,1,1.0,0.0
498,USA,2,SLU,56,1993,1,1.0,0.0
499,USA,2,SLU,56,1994,1,1.0,0.0
500,USA,2,SLU,56,1995,1,1.0,0.0
501,USA,2,SLU,56,1996,1,1.0,0.0
502,USA,2,SLU,56,1997,1,1.0,0.0
503,USA,2,SLU,56,1998,1,1.0,0.0
504,USA,2,SLU,56,1999,1,1.0,0.0
505,USA,2,SLU,56,2000,1,1.0,0.0
506,USA,2,SLU,56,2001,1,1.0,0.0
507,USA,2,SLU,56,2002,1,1.0,0.0
508,USA,2,SLU,56,2003,1,1.0,0.0
509,USA,2,SLU,56,2004,1,1.0,0.0
510,USA,2,SLU,56,2005,1,1.0,0.0
511,USA,2,SLU,56,2006,1,1.0,0.0
512,USA,2,SLU,56,2007,1,1.0,0.0
513,USA,2,SLU,56,2008,1,1.0,0.0
514,USA,2,SLU,56,2009,1,1.0,0.0
515,USA,2,SLU,56,2010,1,1.0,0.0
516,USA,2,SLU,56,2011,1,1.0,0.0
517,USA,2,SLU,56,2012,1,1.0,0.0
518,USA,2,SVG,57,1981,1,1.0,0.0
519,USA,2,SVG,57,1982,1,1.0,0.0
520,USA,2,SVG,57,1983,1,1.0,0.0
521,USA,2,SVG,57,1984,1,1.0,0.0
522,USA,2,SVG,57,1985,1,1.0,0.0
523,USA,2,SVG,57,1986,1,1.0,0.0
524,USA,2,SVG,57,1987,1,1.0,0.0
525,USA,2,SVG,57,1988,1,1.0,0.0
526,USA,2,SVG,57,1989,1,1.0,0.0
527,USA,2,SVG,57,1990,1,1.0,0.0
528,USA,2,SVG,57,1991,1,1.0,0.0
529,USA,2,SVG,57,1992,1,1.0,0.0
530,USA,2,SVG,57,1993,1,1.0,0.0
531,USA,2,SVG,57,1994,1,1.0,0.0
532,USA,2,SVG,57,1995,1,1.0,0.0
533,USA,2,SVG,57,1996,1,1.0,0.0
534,USA,2,SVG,57,1997,1,1.0,0.0
535,USA,2,SVG,57,1998,1,1.0,0.0
536,USA,2,SVG,57,1999,1,1.0,0.0
537,USA,2,SVG,57,2000,1,1.0,0.0
538,USA,2,SVG,57,2001,1,1.0,0.0
539,USA,2,SVG,57,2002,1,1.0,0.0
540,USA,2,SVG,57,2003,1,1.0,0.0
541,USA,2,SVG,57,2004,1,1.0,0.0
542,USA,2,SVG,57,2005,1,1.0,0.0
543,USA,2,SVG,57,2006,1,1.0,0.0
544,USA,2,SVG,57,2007,1,1.0,0.0
545,USA,2,SVG,57,2008,1,1.0,0.0
546,USA,2,SVG,57,2009,1,1.0,0.0
547,USA,2,SVG,57,2010,1,1.0,0.0
548,USA,2,SVG,57,2011,1,1.0,0.0
549,USA,2,SVG,57,2012,1,1.0,0.0
550,USA,2,AAB,58,1981,1,1.0,0.0
551,USA,2,AAB,58,1982,1,1.0,0.0
552,USA,2,AAB,58,1983,1,1.0,0.0
553,USA,2,AAB,58,1984,1,1.0,0.0
554,USA,2,AAB,58,1985,1,1.0,0.0
555,USA,2,AAB,58,1986,1,1.0,0.0
556,USA,2,AAB,58,1987,1,1.0,0.0
557,USA,2,AAB,58,1988,1,1.0,0.0
558,USA,2,AAB,58,1989,1,1.0,0.0
559,USA,2,AAB,58,1990,1,1.0,0.0
560,USA,2,AAB,58,1991,1,1.0,0.0
561,USA,2,AAB,58,1992,1,1.0,0.0
562,USA,2,AAB,58,1993,1,1.0,0.0
563,USA,2,AAB,58,1994,1,1.0,0.0
564,USA,2,AAB,58,1995,1,1.0,0.0
565,USA,2,AAB,58,1996,1,1.0,0.0
566,USA,2,AAB,58,1997,1,1.0,0.0
567,USA,2,AAB,58,1998,1,1.0,0.0
568,USA,2,AAB,58,1999,1,1.0,0.0
569,USA,2,AAB,58,2000,1,1.0,0.0
570,USA,2,AAB,58,2001,1,1.0,0.0
571,USA,2,AAB,58,2002,1,1.0,0.0
572,USA,2,AAB,58,2003,1,1.0,0.0
573,USA,2,AAB,58,2004,1,1.0,0.0
574,USA,2,AAB,58,2005,1,1.0,0.0
575,USA,2,AAB,58,2006,1,1.0,0.0
576,USA,2,AAB,58,2007,1,1.0,0.0
577,USA,2,AAB,58,2008,1,1.0,0.0
578,USA,2,AAB,58,2009,1,1.0,0.0
579,USA,2,AAB,58,2010,1,1.0,0.0
580,USA,2,AAB,58,2011,1,1.0,0.0
581,USA,2,AAB,58,2012,1,1.0,0.0
582,USA,2,SKN,60,1984,1,1.0,0.0
583,USA,2,SKN,60,1985,1,1.0,0.0
584,USA,2,SKN,60,1986,1,1.0,0.0
585,USA,2,SKN,60,1987,1,1.0,0.0
586,USA,2,SKN,60,1988,1,1.0,0.0
587,USA,2,SKN,60,1989,1,1.0,0.0
588,USA,2,SKN,60,1990,1,1.0,0.0
589,USA,2,SKN,60,1991,1,1.0,0.0
590,USA,2,SKN,60,1992,1,1.0,0.0
591,USA,2,SKN,60,1993,1,1.0,0.0
592,USA,2,SKN,60,1994,1,1.0,0.0
593,USA,2,SKN,60,1995,1,1.0,0.0
594,USA,2,SKN,60,1996,1,1.0,0.0
595,USA,2,SKN,60,1997,1,1.0,0.0
596,USA,2,SKN,60,1998,1,1.0,0.0
597,USA,2,SKN,60,1999,1,1.0,0.0
598,USA,2,SKN,60,2000,1,1.0,0.0
599,USA,2,SKN,60,2001,1,1.0,0.0
600,USA,2,SKN,60,2002,1,1.0,0.0
601,USA,2,SKN,60,2003,1,1.0,0.0
602,USA,2,SKN,60,2004,1,1.0,0.0
603,USA,2,SKN,60,2005,1,1.0,0.0
604,USA,2,SKN,60,2006,1,1.0,0.0
605,USA,2,SKN,60,2007,1,1.0,0.0
606,USA,2,SKN,60,2008,1,1.0,0.0
607,USA,2,SKN,60,2009,1,1.0,0.0
608,USA,2,SKN,60,2010,1,1.0,0.0
609,USA,2,SKN,60,2011,1,1.0,0.0
610,USA,2,SKN,60,2012,1,1.0,0.0
611,USA,2,MEX,70,1936,0,1.0,0.0
612,USA,2,MEX,70,1937,0,1.0,0.0
613,USA,2,MEX,70,1938,0,1.0,0.0
614,USA,2,MEX,70,1939,0,1.0,0.0
615,USA,2,MEX,70,1940,0,1.0,0.0
616,USA,2,MEX,70,1941,0,1.0,0.0
617,USA,2,MEX,70,1942,0,1.0,0.0
618,USA,2,MEX,70,1943,0,1.0,0.0
619,USA,2,MEX,70,1944,0,1.0,0.0
620,USA,2,MEX,70,1945,1,1.0,0.0
621,USA,2,MEX,70,1946,1,1.0,0.0
622,USA,2,MEX,70,1947,1,1.0,0.0
623,USA,2,MEX,70,1948,1,1.0,0.0
624,USA,2,MEX,70,1949,1,1.0,0.0
625,USA,2,MEX,70,1950,1,1.0,0.0
626,USA,2,MEX,70,1951,1,1.0,0.0
627,USA,2,MEX,70,1952,1,1.0,0.0
628,USA,2,MEX,70,1953,1,1.0,0.0
629,USA,2,MEX,70,1954,1,1.0,0.0
630,USA,2,MEX,70,1955,1,1.0,0.0
631,USA,2,MEX,70,1956,1,1.0,0.0
632,USA,2,MEX,70,1957,1,1.0,0.0
633,USA,2,MEX,70,1958,1,1.0,0.0
634,USA,2,MEX,70,1959,1,1.0,0.0
635,USA,2,MEX,70,1960,1,1.0,0.0
636,USA,2,MEX,70,1961,1,1.0,0.0
637,USA,2,MEX,70,1962,1,1.0,0.0
638,USA,2,MEX,70,1963,1,1.0,0.0
639,USA,2,MEX,70,1964,1,1.0,0.0
640,USA,2,MEX,70,1965,1,1.0,0.0
641,USA,2,MEX,70,1966,1,1.0,0.0
642,USA,2,MEX,70,1967,1,1.0,0.0
643,USA,2,MEX,70,1968,1,1.0,0.0
644,USA,2,MEX,70,1969,1,1.0,0.0
645,USA,2,MEX,70,1970,1,1.0,0.0
646,USA,2,MEX,70,1971,1,1.0,0.0
647,USA,2,MEX,70,1972,1,1.0,0.0
648,USA,2,MEX,70,1973,1,1.0,0.0
649,USA,2,MEX,70,1974,1,1.0,0.0
650,USA,2,MEX,70,1975,1,1.0,0.0
651,USA,2,MEX,70,1976,1,1.0,0.0
652,USA,2,MEX,70,1977,1,1.0,0.0
653,USA,2,MEX,70,1978,1,1.0,0.0
654,USA,2,MEX,70,1979,1,1.0,0.0
655,USA,2,MEX,70,1980,1,1.0,0.0
656,USA,2,MEX,70,1981,1,1.0,0.0
657,USA,2,MEX,70,1982,1,1.0,0.0
658,USA,2,MEX,70,1983,1,1.0,0.0
659,USA,2,MEX,70,1984,1,1.0,0.0
660,USA,2,MEX,70,1985,1,1.0,0.0
661,USA,2,MEX,70,1986,1,1.0,0.0
662,USA,2,MEX,70,1987,1,1.0,0.0
663,USA,2,MEX,70,1988,1,1.0,0.0
664,USA,2,MEX,70,1989,1,1.0,0.0
665,USA,2,MEX,70,1990,1,1.0,0.0
666,USA,2,MEX,70,1991,1,1.0,0.0
667,USA,2,MEX,70,1992,1,1.0,0.0
668,USA,2,MEX,70,1993,1,1.0,0.0
669,USA,2,MEX,70,1994,1,1.0,0.0
670,USA,2,MEX,70,1995,1,1.0,0.0
671,USA,2,MEX,70,1996,1,1.0,0.0
672,USA,2,MEX,70,1997,1,1.0,0.0
673,USA,2,MEX,70,1998,1,1.0,0.0
674,USA,2,MEX,70,1999,1,1.0,0.0
675,USA,2,MEX,70,2000,1,1.0,0.0
676,USA,2,MEX,70,2001,1,1.0,0.0
677,USA,2,MEX,70,2002,1,1.0,0.0
678,USA,2,MEX,70,2003,1,1.0,0.0
679,USA,2,MEX,70,2004,1,1.0,0.0
680,USA,2,MEX,70,2005,1,1.0,0.0
681,USA,2,MEX,70,2006,1,1.0,0.0
682,USA,2,MEX,70,2007,1,1.0,0.0
683,USA,2,MEX,70,2008,1,1.0,0.0
684,USA,2,MEX,70,2009,1,1.0,0.0
685,USA,2,MEX,70,2010,1,1.0,0.0
686,USA,2,MEX,70,2011,1,1.0,0.0
687,USA,2,MEX,70,2012,1,1.0,0.0
688,USA,2,BLZ,80,1991,1,1.0,0.0
689,USA,2,BLZ,80,1992,1,1.0,0.0
690,USA,2,BLZ,80,1993,1,1.0,0.0
691,USA,2,BLZ,80,1994,1,1.0,0.0
692,USA,2,BLZ,80,1995,1,1.0,0.0
693,USA,2,BLZ,80,1996,1,1.0,0.0
694,USA,2,BLZ,80,1997,1,1.0,0.0
695,USA,2,BLZ,80,1998,1,1.0,0.0
696,USA,2,BLZ,80,1999,1,1.0,0.0
697,USA,2,BLZ,80,2000,1,1.0,0.0
698,USA,2,BLZ,80,2001,1,1.0,0.0
699,USA,2,BLZ,80,2002,1,1.0,0.0
700,USA,2,BLZ,80,2003,1,1.0,0.0
701,USA,2,BLZ,80,2004,1,1.0,0.0
702,USA,2,BLZ,80,2005,1,1.0,0.0
703,USA,2,BLZ,80,2006,1,1.0,0.0
704,USA,2,BLZ,80,2007,1,1.0,0.0
705,USA,2,BLZ,80,2008,1,1.0,0.0
706,USA,2,BLZ,80,2009,1,1.0,0.0
707,USA,2,BLZ,80,2010,1,1.0,0.0
708,USA,2,BLZ,80,2011,1,1.0,0.0
709,USA,2,BLZ,80,2012,1,1.0,0.0
710,USA,2,GUA,90,1936,0,1.0,0.0
711,USA,2,GUA,90,1937,0,1.0,0.0
712,USA,2,GUA,90,1938,0,1.0,0.0
713,USA,2,GUA,90,1939,0,1.0,0.0
714,USA,2,GUA,90,1940,0,1.0,0.0
715,USA,2,GUA,90,1941,0,1.0,0.0
716,USA,2,GUA,90,1942,0,1.0,0.0
717,USA,2,GUA,90,1943,0,1.0,0.0
718,USA,2,GUA,90,1944,0,1.0,0.0
719,USA,2,GUA,90,1945,1,1.0,0.0
720,USA,2,GUA,90,1946,1,1.0,0.0
721,USA,2,GUA,90,1947,1,1.0,0.0
722,USA,2,GUA,90,1948,1,1.0,0.0
723,USA,2,GUA,90,1949,1,1.0,0.0
724,USA,2,GUA,90,1950,1,1.0,0.0
725,USA,2,GUA,90,1951,1,1.0,0.0
726,USA,2,GUA,90,1952,1,1.0,0.0
727,USA,2,GUA,90,1953,1,1.0,0.0
728,USA,2,GUA,90,1954,1,1.0,0.0
729,USA,2,GUA,90,1955,1,1.0,0.0
730,USA,2,GUA,90,1956,1,1.0,0.0
731,USA,2,GUA,90,1957,1,1.0,0.0
732,USA,2,GUA,90,1958,1,1.0,0.0
733,USA,2,GUA,90,1959,1,1.0,0.0
734,USA,2,GUA,90,1960,1,1.0,0.0
735,USA,2,GUA,90,1961,1,1.0,0.0
736,USA,2,GUA,90,1962,1,1.0,0.0
737,USA,2,GUA,90,1963,1,1.0,0.0
738,USA,2,GUA,90,1964,1,1.0,0.0
739,USA,2,GUA,90,1965,1,1.0,0.0
740,USA,2,GUA,90,1966,1,1.0,0.0
741,USA,2,GUA,90,1967,1,1.0,0.0
742,USA,2,GUA,90,1968,1,1.0,0.0
743,USA,2,GUA,90,1969,1,1.0,0.0
744,USA,2,GUA,90,1970,1,1.0,0.0
745,USA,2,GUA,90,1971,1,1.0,0.0
746,USA,2,GUA,90,1972,1,1.0,0.0
747,USA,2,GUA,90,1973,1,1.0,0.0
748,USA,2,GUA,90,1974,1,1.0,0.0
749,USA,2,GUA,90,1975,1,1.0,0.0
750,USA,2,GUA,90,1976,1,1.0,0.0
751,USA,2,GUA,90,1977,1,1.0,0.0
752,USA,2,GUA,90,1978,1,1.0,0.0
753,USA,2,GUA,90,1979,1,1.0,0.0
754,USA,2,GUA,90,1980,1,1.0,0.0
755,USA,2,GUA,90,1981,1,1.0,0.0
756,USA,2,GUA,90,1982,1,1.0,0.0
757,USA,2,GUA,90,1983,1,1.0,0.0
758,USA,2,GUA,90,1984,1,1.0,0.0
759,USA,2,GUA,90,1985,1,1.0,0.0
760,USA,2,GUA,90,1986,1,1.0,0.0
761,USA,2,GUA,90,1987,1,1.0,0.0
762,USA,2,GUA,90,1988,1,1.0,0.0
763,USA,2,GUA,90,1989,1,1.0,0.0
764,USA,2,GUA,90,1990,1,1.0,0.0
765,USA,2,GUA,90,1991,1,1.0,0.0
766,USA,2,GUA,90,1992,1,1.0,0.0
767,USA,2,GUA,90,1993,1,1.0,0.0
768,USA,2,GUA,90,1994,1,1.0,0.0
769,USA,2,GUA,90,1995,1,1.0,0.0
770,USA,2,GUA,90,1996,1,1.0,0.0
771,USA,2,GUA,90,1997,1,1.0,0.0
772,USA,2,GUA,90,1998,1,1.0,0.0
773,USA,2,GUA,90,1999,1,1.0,0.0
774,USA,2,GUA,90,2000,1,1.0,0.0
775,USA,2,GUA,90,2001,1,1.0,0.0
776,USA,2,GUA,90,2002,1,1.0,0.0
777,USA,2,GUA,90,2003,1,1.0,0.0
778,USA,2,GUA,90,2004,1,1.0,0.0
779,USA,2,GUA,90,2005,1,1.0,0.0
780,USA,2,GUA,90,2006,1,1.0,0.0
781,USA,2,GUA,90,2007,1,1.0,0.0
782,USA,2,GUA,90,2008,1,1.0,0.0
783,USA,2,GUA,90,2009,1,1.0,0.0
784,USA,2,GUA,90,2010,1,1.0,0.0
785,USA,2,GUA,90,2011,1,1.0,0.0
786,USA,2,GUA,90,2012,1,1.0,0.0
787,USA,2,HON,91,1936,0,1.0,0.0
788,USA,2,HON,91,1937,0,1.0,0.0
789,USA,2,HON,91,1938,0,1.0,0.0
790,USA,2,HON,91,1939,0,1.0,0.0
791,USA,2,HON,91,1940,0,1.0,0.0
792,USA,2,HON,91,1941,0,1.0,0.0
793,USA,2,HON,91,1942,0,1.0,0.0
794,USA,2,HON,91,1943,0,1.0,0.0
795,USA,2,HON,91,1944,0,1.0,0.0
796,USA,2,HON,91,1945,1,1.0,0.0
797,USA,2,HON,91,1946,1,1.0,0.0
798,USA,2,HON,91,1947,1,1.0,0.0
799,USA,2,HON,91,1948,1,1.0,0.0
800,USA,2,HON,91,1949,1,1.0,0.0
801,USA,2,HON,91,1950,1,1.0,0.0
802,USA,2,HON,91,1951,1,1.0,0.0
803,USA,2,HON,91,1952,1,1.0,0.0
804,USA,2,HON,91,1953,1,1.0,0.0
805,USA,2,HON,91,1954,1,1.0,0.0
806,USA,2,HON,91,1955,1,1.0,0.0
807,USA,2,HON,91,1956,1,1.0,0.0
808,USA,2,HON,91,1957,1,1.0,0.0
809,USA,2,HON,91,1958,1,1.0,0.0
810,USA,2,HON,91,1959,1,1.0,0.0
811,USA,2,HON,91,1960,1,1.0,0.0
812,USA,2,HON,91,1961,1,1.0,0.0
813,USA,2,HON,91,1962,1,1.0,0.0
814,USA,2,HON,91,1963,1,1.0,0.0
815,USA,2,HON,91,1964,1,1.0,0.0
816,USA,2,HON,91,1965,1,1.0,0.0
817,USA,2,HON,91,1966,1,1.0,0.0
818,USA,2,HON,91,1967,1,1.0,0.0
819,USA,2,HON,91,1968,1,1.0,0.0
820,USA,2,HON,91,1969,1,1.0,0.0
821,USA,2,HON,91,1970,1,1.0,0.0
822,USA,2,HON,91,1971,1,1.0,0.0
823,USA,2,HON,91,1972,1,1.0,0.0
824,USA,2,HON,91,1973,1,1.0,0.0
825,USA,2,HON,91,1974,1,1.0,0.0
826,USA,2,HON,91,1975,1,1.0,0.0
827,USA,2,HON,91,1976,1,1.0,0.0
828,USA,2,HON,91,1977,1,1.0,0.0
829,USA,2,HON,91,1978,1,1.0,0.0
830,USA,2,HON,91,1979,1,1.0,0.0
831,USA,2,HON,91,1980,1,1.0,0.0
832,USA,2,HON,91,1981,1,1.0,0.0
833,USA,2,HON,91,1982,1,1.0,0.0
834,USA,2,HON,91,1983,1,1.0,0.0
835,USA,2,HON,91,1984,1,1.0,0.0
836,USA,2,HON,91,1985,1,1.0,0.0
837,USA,2,HON,91,1986,1,1.0,0.0
838,USA,2,HON,91,1987,1,1.0,0.0
839,USA,2,HON,91,1988,1,1.0,0.0
840,USA,2,HON,91,1989,1,1.0,0.0
841,USA,2,HON,91,1990,1,1.0,0.0
842,USA,2,HON,91,1991,1,1.0,0.0
843,USA,2,HON,91,1992,1,1.0,0.0
844,USA,2,HON,91,1993,1,1.0,0.0
845,USA,2,HON,91,1994,1,1.0,0.0
846,USA,2,HON,91,1995,1,1.0,0.0
847,USA,2,HON,91,1996,1,1.0,0.0
848,USA,2,HON,91,1997,1,1.0,0.0
849,USA,2,HON,91,1998,1,1.0,0.0
850,USA,2,HON,91,1999,1,1.0,0.0
851,USA,2,HON,91,2000,1,1.0,0.0
852,USA,2,HON,91,2001,1,1.0,0.0
853,USA,2,HON,91,2002,1,1.0,0.0
854,USA,2,HON,91,2003,1,1.0,0.0
855,USA,2,HON,91,2004,1,1.0,0.0
856,USA,2,HON,91,2005,1,1.0,0.0
857,USA,2,HON,91,2006,1,1.0,0.0
858,USA,2,HON,91,2007,1,1.0,0.0
859,USA,2,HON,91,2008,1,1.0,0.0
860,USA,2,HON,91,2009,1,1.0,0.0
861,USA,2,HON,91,2010,1,1.0,0.0
862,USA,2,HON,91,2011,1,1.0,0.0
863,USA,2,HON,91,2012,1,1.0,0.0
864,USA,2,SAL,92,1936,0,1.0,0.0
865,USA,2,SAL,92,1937,0,1.0,0.0
866,USA,2,SAL,92,1938,0,1.0,0.0
867,USA,2,SAL,92,1939,0,1.0,0.0
868,USA,2,SAL,92,1940,0,1.0,0.0
869,USA,2,SAL,92,1941,0,1.0,0.0
870,USA,2,SAL,92,1942,0,1.0,0.0
871,USA,2,SAL,92,1943,0,1.0,0.0
872,USA,2,SAL,92,1944,0,1.0,0.0
873,USA,2,SAL,92,1945,0,1.0,0.0
874,USA,2,SAL,92,1947,1,1.0,0.0
875,USA,2,SAL,92,1948,1,1.0,0.0
876,USA,2,SAL,92,1949,1,1.0,0.0
877,USA,2,SAL,92,1950,1,1.0,0.0
878,USA,2,SAL,92,1951,1,1.0,0.0
879,USA,2,SAL,92,1952,1,1.0,0.0
880,USA,2,SAL,92,1953,1,1.0,0.0
881,USA,2,SAL,92,1954,1,1.0,0.0
882,USA,2,SAL,92,1955,1,1.0,0.0
883,USA,2,SAL,92,1956,1,1.0,0.0
884,USA,2,SAL,92,1957,1,1.0,0.0
885,USA,2,SAL,92,1958,1,1.0,0.0
886,USA,2,SAL,92,1959,1,1.0,0.0
887,USA,2,SAL,92,1960,1,1.0,0.0
888,USA,2,SAL,92,1961,1,1.0,0.0
889,USA,2,SAL,92,1962,1,1.0,0.0
890,USA,2,SAL,92,1963,1,1.0,0.0
891,USA,2,SAL,92,1964,1,1.0,0.0
892,USA,2,SAL,92,1965,1,1.0,0.0
893,USA,2,SAL,92,1966,1,1.0,0.0
894,USA,2,SAL,92,1967,1,1.0,0.0
895,USA,2,SAL,92,1968,1,1.0,0.0
896,USA,2,SAL,92,1969,1,1.0,0.0
897,USA,2,SAL,92,1970,1,1.0,0.0
898,USA,2,SAL,92,1971,1,1.0,0.0
899,USA,2,SAL,92,1972,1,1.0,0.0
900,USA,2,SAL,92,1973,1,1.0,0.0
901,USA,2,SAL,92,1974,1,1.0,0.0
902,USA,2,SAL,92,1975,1,1.0,0.0
903,USA,2,SAL,92,1976,1,1.0,0.0
904,USA,2,SAL,92,1977,1,1.0,0.0
905,USA,2,SAL,92,1978,1,1.0,0.0
906,USA,2,SAL,92,1979,1,1.0,0.0
907,USA,2,SAL,92,1980,1,1.0,0.0
908,USA,2,SAL,92,1981,1,1.0,0.0
909,USA,2,SAL,92,1982,1,1.0,0.0
910,USA,2,SAL,92,1983,1,1.0,0.0
911,USA,2,SAL,92,1984,1,1.0,0.0
912,USA,2,SAL,92,1985,1,1.0,0.0
913,USA,2,SAL,92,1986,1,1.0,0.0
914,USA,2,SAL,92,1987,1,1.0,0.0
915,USA,2,SAL,92,1988,1,1.0,0.0
916,USA,2,SAL,92,1989,1,1.0,0.0
917,USA,2,SAL,92,1990,1,1.0,0.0
918,USA,2,SAL,92,1991,1,1.0,0.0
919,USA,2,SAL,92,1992,1,1.0,0.0
920,USA,2,SAL,92,1993,1,1.0,0.0
921,USA,2,SAL,92,1994,1,1.0,0.0
922,USA,2,SAL,92,1995,1,1.0,0.0
923,USA,2,SAL,92,1996,1,1.0,0.0
924,USA,2,SAL,92,1997,1,1.0,0.0
925,USA,2,SAL,92,1998,1,1.0,0.0
926,USA,2,SAL,92,1999,1,1.0,0.0
927,USA,2,SAL,92,2000,1,1.0,0.0
928,USA,2,SAL,92,2001,1,1.0,0.0
929,USA,2,SAL,92,2002,1,1.0,0.0
930,USA,2,SAL,92,2003,1,1.0,0.0
931,USA,2,SAL,92,2004,1,1.0,0.0
932,USA,2,SAL,92,2005,1,1.0,0.0
933,USA,2,SAL,92,2006,1,1.0,0.0
934,USA,2,SAL,92,2007,1,1.0,0.0
935,USA,2,SAL,92,2008,1,1.0,0.0
936,USA,2,SAL,92,2009,1,1.0,0.0
937,USA,2,SAL,92,2010,1,1.0,0.0
938,USA,2,SAL,92,2011,1,1.0,0.0
939,USA,2,SAL,92,2012,1,1.0,0.0
940,USA,2,NIC,93,1936,0,1.0,0.0
941,USA,2,NIC,93,1937,0,1.0,0.0
942,USA,2,NIC,93,1938,0,1.0,0.0
943,USA,2,NIC,93,1939,0,1.0,0.0
944,USA,2,NIC,93,1940,0,1.0,0.0
945,USA,2,NIC,93,1941,0,1.0,0.0
946,USA,2,NIC,93,1942,0,1.0,0.0
947,USA,2,NIC,93,1943,0,1.0,0.0
948,USA,2,NIC,93,1944,0,1.0,0.0
949,USA,2,NIC,93,1945,1,1.0,0.0
950,USA,2,NIC,93,1946,1,1.0,0.0
951,USA,2,NIC,93,1947,1,1.0,0.0
952,USA,2,NIC,93,1948,1,1.0,0.0
953,USA,2,NIC,93,1949,1,1.0,0.0
954,USA,2,NIC,93,1950,1,1.0,0.0
955,USA,2,NIC,93,1951,1,1.0,0.0
956,USA,2,NIC,93,1952,1,1.0,0.0
957,USA,2,NIC,93,1953,1,1.0,0.0
958,USA,2,NIC,93,1954,1,1.0,0.0
959,USA,2,NIC,93,1955,1,1.0,0.0
960,USA,2,NIC,93,1956,1,1.0,0.0
961,USA,2,NIC,93,1957,1,1.0,0.0
962,USA,2,NIC,93,1958,1,1.0,0.0
963,USA,2,NIC,93,1959,1,1.0,0.0
964,USA,2,NIC,93,1960,1,1.0,0.0
965,USA,2,NIC,93,1961,1,1.0,0.0
966,USA,2,NIC,93,1962,1,1.0,0.0
967,USA,2,NIC,93,1963,1,1.0,0.0
968,USA,2,NIC,93,1964,1,1.0,0.0
969,USA,2,NIC,93,1965,1,1.0,0.0
970,USA,2,NIC,93,1966,1,1.0,0.0
971,USA,2,NIC,93,1967,1,1.0,0.0
972,USA,2,NIC,93,1968,1,1.0,0.0
973,USA,2,NIC,93,1969,1,1.0,0.0
974,USA,2,NIC,93,1970,1,1.0,0.0
975,USA,2,NIC,93,1971,1,1.0,0.0
976,USA,2,NIC,93,1972,1,1.0,0.0
977,USA,2,NIC,93,1973,1,1.0,0.0
978,USA,2,NIC,93,1974,1,1.0,0.0
979,USA,2,NIC,93,1975,1,1.0,0.0
980,USA,2,NIC,93,1976,1,1.0,0.0
981,USA,2,NIC,93,1977,1,1.0,0.0
982,USA,2,NIC,93,1978,1,1.0,0.0
983,USA,2,NIC,93,1979,1,1.0,0.0
984,USA,2,NIC,93,1980,1,1.0,0.0
985,USA,2,NIC,93,1981,1,1.0,0.0
986,USA,2,NIC,93,1982,1,1.0,0.0
987,USA,2,NIC,93,1983,1,1.0,0.0
988,USA,2,NIC,93,1984,1,1.0,0.0
989,USA,2,NIC,93,1985,1,1.0,0.0
990,USA,2,NIC,93,1986,1,1.0,0.0
991,USA,2,NIC,93,1987,1,1.0,0.0
992,USA,2,NIC,93,1988,1,1.0,0.0
993,USA,2,NIC,93,1989,1,1.0,0.0
994,USA,2,NIC,93,1990,1,1.0,0.0
995,USA,2,NIC,93,1991,1,1.0,0.0
996,USA,2,NIC,93,1992,1,1.0,0.0
997,USA,2,NIC,93,1993,1,1.0,0.0
998,USA,2,NIC,93,1994,1,1.0,0.0
999,USA,2,NIC,93,1995,1,1.0,0.0
1000,USA,2,NIC,93,1996,1,1.0,0.0
