id,stateabb1,ccode1,stateabb2,ccode2,year,defense,milex_1,milex_2,tpop_1,tpop_2
1,USA,2,CAN,20,1950,1,14559000,447964,152271.0,13737.0
2,USA,2,CAN,20,1951,1,33398000,1150942,154878.0,14050.0
3,USA,2,CAN,20,1952,1,47852000,1843656,157553.0,14496.0
4,USA,2,CAN,20,1953,1,49621008,2028835,160184.0,14886.0
5,USA,2,CAN,20,1954,1,42786000,1818274,163026.0,15330.0
6,USA,2,CAN,20,1955,1,40518000,1883021,165931.0,15736.0
7,USA,2,CAN,20,1956,1,41773008,1889889,168903.0,16123.0
8,USA,2,CAN,20,1957,1,44548000,1905207,171984.0,16677.0
9,USA,2,CAN,20,1958,1,45503008,1766497,174882.0,17120.0
10,USA,2,CAN,20,1959,1,46614000,1703318,177830.0,17522.0
11,USA,2,CAN,20,1960,1,45380000,1735570,180671.0,17909.0
12,USA,2,CAN,20,1961,1,47808000,1722891,183691.0,18238.0
13,USA,2,CAN,20,1962,1,52381008,1735210,186538.0,18614.0
14,USA,2,CAN,20,1963,1,52295008,1588421,189242.0,18964.0
15,USA,2,CAN,20,1964,1,51213008,1677304,191889.0,19325.0
16,USA,2,CAN,20,1965,1,51827008,1544548,194303.0,19678.0
17,USA,2,CAN,20,1966,1,67572000,1642790,196560.0,20048.0
18,USA,2,CAN,20,1967,1,75448000,1813063,198712.0,20412.0
19,USA,2,CAN,20,1968,1,80732000,1782772,200706.0,20729.0
20,USA,2,CAN,20,1969,1,81446000,1770133,202677.0,21028.0
21,USA,2,CAN,20,1970,1,77827008,1920602,205052.0,21297.0
22,USA,2,CAN,20,1971,1,74862000,2110319,207661.0,22962.0
23,USA,2,CAN,20,1972,1,77639000,2260834,209896.0,22220.0
24,USA,2,CAN,20,1973,1,78385000,2404759,211909.0,22494.0
25,USA,2,CAN,20,1974,1,85906000,2926380,213854.0,22808.0
26,USA,2,CAN,20,1975,1,90948000,3074729,215973.0,23142.0
27,USA,2,CAN,20,1976,1,91013000,3639959,218035.0,23450.0
28,USA,2,CAN,20,1977,1,100925000,3877762,220239.0,23726.0
29,USA,2,CAN,20,1978,1,109247000,4016964,222585.0,23964.0
30,USA,2,CAN,20,1979,1,122279000,4119005,225055.0,24202.0
31,USA,2,CAN,20,1980,1,143981000,4387240,227726.0,24516.0
32,USA,2,CAN,20,1981,1,169888000,5246444,229966.0,24820.0
33,USA,2,CAN,20,1982,1,196345000,6182339,232188.0,25117.0
34,USA,2,CAN,20,1983,1,217198000,6562003,234307.0,25367.0
35,USA,2,CAN,20,1984,1,237052000,7195604,236348.0,25608.0
36,USA,2,CAN,20,1985,1,245154000,6809000,238466.0,25843.0
37,USA,2,CAN,20,1986,1,265480000,7180000,240651.0,26101.0
38,USA,2,CAN,20,1987,1,273966000,7960000,242804.0,26450.0
39,USA,2,CAN,20,1988,1,281935000,8830000,245021.0,26798.0
40,USA,2,CAN,20,1989,1,294880000,9480000,247342.0,27286.0
41,USA,2,CAN,20,1990,1,289755000,10280000,249907.0,27701.0
42,USA,2,CAN,20,1991,1,262389000,11420000,252618.0,28031.0
43,USA,2,CAN,20,1992,1,286892000,10310000,255391.0,28377.0
44,USA,2,CAN,20,1993,1,297600000,9600000,258132.0,28703.0
45,USA,2,CAN,20,1994,1,293214000,9695000,260602.0,29036.0
46,USA,2,CAN,20,1995,1,277834000,9126000,262755.0,29354.0
47,USA,2,CAN,20,1996,1,277254000,8624000,265284.0,29672.0
48,USA,2,CAN,20,1997,1,276324000,7801000,267901.0,30004.0
49,USA,2,CAN,20,1998,1,279702000,7677000,274028.0,30563.0
50,USA,2,CAN,20,1999,1,292147000,8395000,276218.0,30857.0
51,USA,2,CAN,20,2000,1,303136000,8320000,278357.0,31147.0
52,USA,2,CAN,20,2001,1,322365000,7745000,285112.0,31021.0
53,USA,2,CAN,20,2002,1,348555000,8522000,290270.0,31284.0
54,USA,2,CAN,20,2003,1,404920000,10102000,292883.0,31592.0
55,USA,2,CAN,20,2004,1,455908000,11501000,295487.0,31914.0
56,USA,2,CAN,20,2005,1,495326000,13224000,298166.0,32253.0
57,USA,2,CAN,20,2006,1,521840000,15103000,300943.0,32611.0
58,USA,2,CAN,20,2007,1,552568000,18491000,303787.0,32986.0
59,USA,2,CAN,20,2008,1,616073000,19836000,306657.0,33370.0
60,USA,2,CAN,20,2009,1,662049000,19575000,309492.0,33753.0
61,USA,2,CAN,20,2010,1,693600000,20240000,312247.0,34126.0
62,USA,2,CAN,20,2011,1,687000000,20081000,314912.0,34487.0
63,USA,2,CAN,20,2012,1,655388000,18445000,317505.0,34838.0
64,USA,2,BHM,31,1982,1,196345000,9000,232188.0,218.0
65,USA,2,BHM,31,1983,1,217198000,8000,234307.0,223.0
66,USA,2,BHM,31,1984,1,237052000,8600,236348.0,227.0
67,USA,2,BHM,31,1985,1,245154000,9600,238466.0,232.0
68,USA,2,BHM,31,1986,1,265480000,11100,240651.0,236.0
69,USA,2,BHM,31,1987,1,273966000,14337,242804.0,241.0
70,USA,2,BHM,31,1988,1,281935000,77700,245021.0,246.0
71,USA,2,BHM,31,1989,1,294880000,66500,247342.0,251.0
72,USA,2,BHM,31,1990,1,289755000,65700,249907.0,255.0
73,USA,2,BHM,31,1991,1,262389000,48000,252618.0,260.0
74,USA,2,BHM,31,1992,1,286892000,17800,255391.0,264.0
75,USA,2,BHM,31,1993,1,297600000,-9,258132.0,269.0
76,USA,2,BHM,31,1994,1,293214000,20000,260602.0,274.0
77,USA,2,BHM,31,1995,1,277834000,19000,262755.0,279.0
78,USA,2,BHM,31,1996,1,277254000,22000,265284.0,284.0
79,USA,2,BHM,31,1997,1,276324000,22000,267901.0,289.0
80,USA,2,BHM,31,1998,1,279702000,26000,274028.0,296.0
81,USA,2,BHM,31,1999,1,292147000,26000,276218.0,301.0
82,USA,2,BHM,31,2000,1,303136000,30000,278357.0,307.0
83,USA,2,BHM,31,2001,1,322365000,29000,285112.0,308.0
84,USA,2,BHM,31,2002,1,348555000,28000,290270.0,309.0
85,USA,2,BHM,31,2003,1,404920000,33000,292883.0,316.0
86,USA,2,BHM,31,2004,1,455908000,34000,295487.0,322.0
87,USA,2,BHM,31,2005,1,495326000,36000,298166.0,329.0
88,USA,2,BHM,31,2006,1,521840000,48000,300943.0,336.0
89,USA,2,BHM,31,2007,1,552568000,58000,303787.0,342.0
90,USA,2,BHM,31,2008,1,616073000,49000,306657.0,348.0
91,USA,2,BHM,31,2009,1,662049000,49000,309492.0,354.0
92,USA,2,BHM,31,2010,1,693600000,47000,312247.0,360.0
93,USA,2,BHM,31,2011,1,687000000,50000,314912.0,366.0
94,USA,2,BHM,31,2012,1,655388000,55000,317505.0,372.0
95,USA,2,CUB,40,1936,0,932600,18385,128181.0,4110.0
96,USA,2,CUB,40,1937,0,1032900,18485,128961.0,4170.0
97,USA,2,CUB,40,1938,0,1131499,18385,129969.0,4230.0
98,USA,2,CUB,40,1939,0,980000,18477,131028.0,4250.0
99,USA,2,CUB,40,1940,0,1657000,17416,132122.0,4290.0
100,USA,2,CUB,40,1941,0,6301000,-9,133402.0,4330.0
101,USA,2,CUB,40,1942,0,26001000,15794,134860.0,4370.0
102,USA,2,CUB,40,1943,0,72109000,-9,136739.0,4780.0
103,USA,2,CUB,40,1944,0,87000000,-9,138397.0,4850.0
104,USA,2,CUB,40,1945,1,90000000,-9,139928.0,4930.0
105,USA,2,CUB,40,1946,1,45133984,-9,141389.0,5040.0
106,USA,2,CUB,40,1947,1,14315999,-9,144126.0,5150.0
107,USA,2,CUB,40,1948,1,10960998,39943,147208.0,5287.0
108,USA,2,CUB,40,1949,1,13503000,-9,149767.0,5399.0
109,USA,2,CUB,40,1950,1,14559000,39175,152271.0,5858.0
110,USA,2,CUB,40,1951,1,33398000,-9,154878.0,5638.0
111,USA,2,CUB,40,1952,1,47852000,56000,157553.0,5759.0
112,USA,2,CUB,40,1953,1,49621008,53000,160184.0,6129.0
113,USA,2,CUB,40,1954,1,42786000,-9,163026.0,6254.0
114,USA,2,CUB,40,1955,1,40518000,54000,165931.0,6426.0
115,USA,2,CUB,40,1956,1,41773008,51000,168903.0,6513.0
116,USA,2,CUB,40,1957,1,44548000,56100,171984.0,6641.0
117,USA,2,CUB,40,1958,1,45503008,-9,174882.0,6763.0
118,USA,2,CUB,40,1959,1,46614000,-9,177830.0,6901.0
119,USA,2,CUB,40,1960,1,45380000,175000,180671.0,7029.0
120,USA,2,CUB,40,1961,1,47808000,175000,183691.0,7134.0
121,USA,2,CUB,40,1962,1,52381008,200000,186538.0,7254.0
122,USA,2,HAI,41,1936,0,932600,1360,128181.0,2080.0
123,USA,2,HAI,41,1937,0,1032900,1500,128961.0,2120.0
124,USA,2,HAI,41,1938,0,1131499,1760,129969.0,2150.0
125,USA,2,HAI,41,1939,0,980000,1760,131028.0,2790.0
126,USA,2,HAI,41,1940,0,1657000,-9,132122.0,2830.0
127,USA,2,HAI,41,1941,0,6301000,1509,133402.0,2880.0
128,USA,2,HAI,41,1942,0,26001000,1509,134860.0,2940.0
129,USA,2,HAI,41,1943,0,72109000,-9,136739.0,2980.0
130,USA,2,HAI,41,1944,0,87000000,-9,138397.0,3030.0
131,USA,2,HAI,41,1945,1,90000000,-9,139928.0,3090.0
132,USA,2,HAI,41,1946,1,45133984,1940,141389.0,3140.0
133,USA,2,HAI,41,1947,1,14315999,2300,144126.0,3200.0
134,USA,2,HAI,41,1948,1,10960998,2740,147208.0,3233.0
135,USA,2,HAI,41,1949,1,13503000,3120,149767.0,3293.0
136,USA,2,HAI,41,1950,1,14559000,3540,152271.0,3097.0
137,USA,2,HAI,41,1951,1,33398000,3960,154878.0,3149.0
138,USA,2,HAI,41,1952,1,47852000,4580,157553.0,3200.0
139,USA,2,HAI,41,1953,1,49621008,5260,160184.0,3251.0
140,USA,2,HAI,41,1954,1,42786000,5140,163026.0,3302.0
141,USA,2,HAI,41,1955,1,40518000,5180,165931.0,3354.0
142,USA,2,HAI,41,1956,1,41773008,5440,168903.0,3407.0
143,USA,2,HAI,41,1957,1,44548000,5940,171984.0,3460.0
144,USA,2,HAI,41,1958,1,45503008,7000,174882.0,3514.0
145,USA,2,HAI,41,1959,1,46614000,6880,177830.0,3568.0
146,USA,2,HAI,41,1960,1,45380000,6560,180671.0,3804.0
147,USA,2,HAI,41,1961,1,47808000,6340,183691.0,3872.0
148,USA,2,HAI,41,1962,1,52381008,6320,186538.0,3940.0
149,USA,2,HAI,41,1963,1,52295008,6700,189242.0,4008.0
150,USA,2,HAI,41,1964,1,51213008,7760,191889.0,4075.0
151,USA,2,HAI,41,1965,1,51827008,7360,194303.0,4143.0
152,USA,2,HAI,41,1966,1,67572000,7080,196560.0,4219.0
153,USA,2,HAI,41,1967,1,75448000,7160,198712.0,4294.0
154,USA,2,HAI,41,1968,1,80732000,7160,200706.0,4370.0
155,USA,2,HAI,41,1969,1,81446000,7160,202677.0,4445.0
156,USA,2,HAI,41,1970,1,77827008,7160,205052.0,4520.0
157,USA,2,HAI,41,1971,1,74862000,7320,207661.0,4600.0
158,USA,2,HAI,41,1972,1,77639000,7280,209896.0,4680.0
159,USA,2,HAI,41,1973,1,78385000,7980,211909.0,4760.0
160,USA,2,HAI,41,1974,1,85906000,8460,213854.0,4840.0
161,USA,2,HAI,41,1975,1,90948000,10180,215973.0,4920.0
162,USA,2,HAI,41,1976,1,91013000,11160,218035.0,5007.0
163,USA,2,HAI,41,1977,1,100925000,12280,220239.0,5093.0
164,USA,2,HAI,41,1978,1,109247000,13000,222585.0,5180.0
165,USA,2,HAI,41,1979,1,122279000,13600,225055.0,5266.0
166,USA,2,HAI,41,1980,1,143981000,15000,227726.0,5353.0
167,USA,2,HAI,41,1981,1,169888000,24000,229966.0,5455.0
168,USA,2,HAI,41,1982,1,196345000,26000,232188.0,5558.0
169,USA,2,HAI,41,1983,1,217198000,28000,234307.0,5660.0
170,USA,2,HAI,41,1984,1,237052000,30000,236348.0,5762.0
171,USA,2,HAI,41,1985,1,245154000,30540,238466.0,5865.0
172,USA,2,HAI,41,1986,1,265480000,-9,240651.0,5989.0
173,USA,2,HAI,41,1987,1,273966000,42000,242804.0,6113.0
174,USA,2,HAI,41,1988,1,281935000,35000,245021.0,6238.0
175,USA,2,HAI,41,1989,1,294880000,45000,247342.0,6362.0
176,USA,2,HAI,41,1990,1,289755000,16900,249907.0,6486.0
177,USA,2,HAI,41,1991,1,262389000,29400,252618.0,6625.0
178,USA,2,HAI,41,1992,1,286892000,55000,255391.0,6764.0
179,USA,2,HAI,41,1993,1,297600000,-9,258132.0,6903.0
180,USA,2,HAI,41,1994,1,293214000,-9,260602.0,7041.0
181,USA,2,HAI,41,1995,1,277834000,59000,262755.0,7180.0
182,USA,2,HAI,41,1996,1,277254000,102000,265284.0,7336.0
183,USA,2,HAI,41,1997,1,276324000,46000,267901.0,7492.0
184,USA,2,HAI,41,1998,1,279702000,49000,274028.0,7952.0
185,USA,2,HAI,41,1999,1,292147000,50000,276218.0,8087.0
186,USA,2,HAI,41,2000,1,303136000,43000,278357.0,8222.0
187,USA,2,HAI,41,2001,1,322365000,40000,285112.0,8132.0
188,USA,2,HAI,41,2002,1,348555000,32000,290270.0,8860.0
189,USA,2,HAI,41,2003,1,404920000,22000,292883.0,8996.0
190,USA,2,HAI,41,2004,1,455908000,-9,295487.0,9130.0
191,USA,2,HAI,41,2005,1,495326000,-9,298166.0,9261.0
192,USA,2,HAI,41,2006,1,521840000,-9,300943.0,9389.0
193,USA,2,HAI,41,2007,1,552568000,-9,303787.0,9514.0
194,USA,2,HAI,41,2008,1,616073000,-9,306657.0,9638.0
195,USA,2,HAI,41,2009,1,662049000,-9,309492.0,9765.0
196,USA,2,HAI,41,2010,1,693600000,-9,312247.0,9896.0
197,USA,2,HAI,41,2011,1,687000000,-9,314912.0,10033.0
198,USA,2,HAI,41,2012,1,655388000,-9,317505.0,10174.0
199,USA,2,DOM,42,1936,0,932600,1800,128181.0,1520.0
200,USA,2,DOM,42,1937,0,1032900,2000,128961.0,1560.0
201,USA,2,DOM,42,1938,0,1131499,1900,129969.0,1600.0
202,USA,2,DOM,42,1939,0,980000,1900,131028.0,1630.0
203,USA,2,DOM,42,1940,0,1657000,-9,132122.0,1760.0
204,USA,2,DOM,42,1941,0,6301000,-9,133402.0,1800.0
205,USA,2,DOM,42,1942,0,26001000,2113,134860.0,1840.0
206,USA,2,DOM,42,1943,0,72109000,2355,136739.0,1890.0
207,USA,2,DOM,42,1944,0,87000000,3141,138397.0,1930.0
208,USA,2,DOM,42,1945,1,90000000,3574,139928.0,1980.0
209,USA,2,DOM,42,1946,1,45133984,3856,141389.0,2030.0
210,USA,2,DOM,42,1947,1,14315999,5500,144126.0,2080.0
211,USA,2,DOM,42,1948,1,10960998,-9,147208.0,2130.0
212,USA,2,DOM,42,1949,1,13503000,-9,149767.0,2190.0
213,USA,2,DOM,42,1950,1,14559000,17649,152271.0,2240.0
214,USA,2,DOM,42,1951,1,33398000,-9,154878.0,2310.0
215,USA,2,DOM,42,1952,1,47852000,-9,157553.0,2297.0
216,USA,2,DOM,42,1953,1,49621008,25178,160184.0,2379.0
217,USA,2,DOM,42,1954,1,42786000,22369,163026.0,2464.0
218,USA,2,DOM,42,1955,1,40518000,30372,165931.0,2554.0
219,USA,2,DOM,42,1956,1,41773008,-9,168903.0,2644.0
220,USA,2,DOM,42,1957,1,44548000,-9,171984.0,2740.0
221,USA,2,DOM,42,1958,1,45503008,34500,174882.0,2839.0
222,USA,2,DOM,42,1959,1,46614000,42600,177830.0,2941.0
223,USA,2,DOM,42,1960,1,45380000,33400,180671.0,3231.0
224,USA,2,DOM,42,1961,1,47808000,31600,183691.0,3341.0
225,USA,2,DOM,42,1962,1,52381008,33100,186538.0,3453.0
226,USA,2,DOM,42,1963,1,52295008,34000,189242.0,3569.0
227,USA,2,DOM,42,1964,1,51213008,37000,191889.0,3687.0
228,USA,2,DOM,42,1965,1,51827008,35000,194303.0,3806.0
229,USA,2,DOM,42,1966,1,67572000,32400,196560.0,3926.0
230,USA,2,DOM,42,1967,1,75448000,31200,198712.0,4049.0
231,USA,2,DOM,42,1968,1,80732000,32500,200706.0,4173.0
232,USA,2,DOM,42,1969,1,81446000,31000,202677.0,4222.0
233,USA,2,DOM,42,1970,1,77827008,31600,205052.0,4062.0
234,USA,2,DOM,42,1971,1,74862000,31900,207661.0,4182.0
235,USA,2,DOM,42,1972,1,77639000,34400,209896.0,4305.0
236,USA,2,DOM,42,1973,1,78385000,36600,211909.0,4432.0
237,USA,2,DOM,42,1974,1,85906000,47600,213854.0,4562.0
238,USA,2,DOM,42,1975,1,90948000,57200,215973.0,4697.0
239,USA,2,DOM,42,1976,1,91013000,67400,218035.0,4835.0
240,USA,2,DOM,42,1977,1,100925000,75800,220239.0,5303.0
241,USA,2,DOM,42,1978,1,109247000,87100,222585.0,5431.0
242,USA,2,DOM,42,1979,1,122279000,158000,225055.0,5562.0
243,USA,2,DOM,42,1980,1,143981000,165000,227726.0,5697.0
244,USA,2,DOM,42,1981,1,169888000,118000,229966.0,5836.0
245,USA,2,DOM,42,1982,1,196345000,128000,232188.0,5978.0
246,USA,2,DOM,42,1983,1,217198000,129000,234307.0,6123.0
247,USA,2,DOM,42,1984,1,237052000,156000,236348.0,6269.0
248,USA,2,DOM,42,1985,1,245154000,50990,238466.0,6416.0
249,USA,2,DOM,42,1986,1,265480000,68690,240651.0,6565.0
250,USA,2,DOM,42,1987,1,273966000,76600,242804.0,6716.0
251,USA,2,DOM,42,1988,1,281935000,60000,245021.0,6867.0
252,USA,2,DOM,42,1989,1,294880000,60620,247342.0,7019.0
253,USA,2,DOM,42,1990,1,289755000,57210,249907.0,7170.0
254,USA,2,DOM,42,1991,1,262389000,34790,252618.0,7320.0
255,USA,2,DOM,42,1992,1,286892000,59000,255391.0,7471.0
256,USA,2,DOM,42,1993,1,297600000,108000,258132.0,7620.0
257,USA,2,DOM,42,1994,1,293214000,115000,260602.0,7769.0
258,USA,2,DOM,42,1995,1,277834000,109000,262755.0,7915.0
259,USA,2,DOM,42,1996,1,277254000,116000,265284.0,8052.0
260,USA,2,DOM,42,1997,1,276324000,119000,267901.0,8097.0
261,USA,2,DOM,42,1998,1,279702000,115000,274028.0,8232.0
262,USA,2,DOM,42,1999,1,292147000,114000,276218.0,8364.0
263,USA,2,DOM,42,2000,1,303136000,169000,278357.0,8495.0
264,USA,2,DOM,42,2001,1,322365000,156000,285112.0,8688.0
265,USA,2,DOM,42,2002,1,348555000,229000,290270.0,8935.0
266,USA,2,DOM,42,2003,1,404920000,156000,292883.0,9071.0
267,USA,2,DOM,42,2004,1,455908000,128000,295487.0,9207.0
268,USA,2,DOM,42,2005,1,495326000,273000,298166.0,9343.0
269,USA,2,DOM,42,2006,1,521840000,256000,300943.0,9479.0
270,USA,2,DOM,42,2007,1,552568000,271000,303787.0,9615.0
271,USA,2,DOM,42,2008,1,616073000,278000,306657.0,9750.0
272,USA,2,DOM,42,2009,1,662049000,265000,309492.0,9884.0
273,USA,2,DOM,42,2010,1,693600000,231000,312247.0,10017.0
274,USA,2,DOM,42,2011,1,687000000,342000,314912.0,10148.0
275,USA,2,DOM,42,2012,1,655388000,363000,317505.0,10277.0
276,USA,2,JAM,51,1969,1,81446000,5321,202677.0,1844.0
277,USA,2,JAM,51,1970,1,77827008,6441,205052.0,1810.0
278,USA,2,JAM,51,1971,1,74862000,7788,207661.0,1890.0
279,USA,2,JAM,51,1972,1,77639000,8863,209896.0,1930.0
280,USA,2,JAM,51,1973,1,78385000,14520,211909.0,1960.0
281,USA,2,JAM,51,1974,1,85906000,16939,213854.0,1990.0
282,USA,2,JAM,51,1975,1,90948000,21999,215973.0,2030.0
283,USA,2,JAM,51,1976,1,91013000,29260,218035.0,2050.0
284,USA,2,JAM,51,1977,1,100925000,31020,220239.0,2074.0
285,USA,2,JAM,51,1978,1,109247000,27419,222585.0,2100.0
286,USA,2,JAM,51,1979,1,122279000,25014,225055.0,2120.0
287,USA,2,JAM,51,1980,1,143981000,23448,227726.0,2140.0
288,USA,2,JAM,51,1981,1,169888000,36112,229966.0,2180.0
289,USA,2,JAM,51,1982,1,196345000,35997,232188.0,2190.0
290,USA,2,JAM,51,1983,1,217198000,39014,234307.0,2241.0
291,USA,2,JAM,51,1984,1,237052000,26332,236348.0,2280.0
292,USA,2,JAM,51,1985,1,245154000,25557,238466.0,2311.0
293,USA,2,JAM,51,1986,1,265480000,20620,240651.0,2340.0
294,USA,2,JAM,51,1987,1,273966000,25060,242804.0,2350.0
295,USA,2,JAM,51,1988,1,281935000,34000,245021.0,2360.0
296,USA,2,JAM,51,1989,1,294880000,27680,247342.0,2390.0
297,USA,2,JAM,51,1990,1,289755000,32520,249907.0,2415.0
298,USA,2,JAM,51,1991,1,262389000,24600,252618.0,2366.0
299,USA,2,JAM,51,1992,1,286892000,19360,255391.0,2424.0
300,USA,2,JAM,51,1993,1,297600000,27000,258132.0,2446.0
301,USA,2,JAM,51,1994,1,293214000,28000,260602.0,2473.0
302,USA,2,JAM,51,1995,1,277834000,28000,262755.0,2500.0
303,USA,2,JAM,51,1996,1,277254000,28000,265284.0,2515.0
304,USA,2,JAM,51,1997,1,276324000,42000,267901.0,2554.0
305,USA,2,JAM,51,1998,1,279702000,45000,274028.0,2538.0
306,USA,2,JAM,51,1999,1,292147000,51000,276218.0,2560.0
307,USA,2,JAM,51,2000,1,303136000,42000,278357.0,2583.0
308,USA,2,JAM,51,2001,1,322365000,40000,285112.0,2604.0
309,USA,2,JAM,51,2002,1,348555000,56000,290270.0,2627.0
310,USA,2,JAM,51,2003,1,404920000,52000,292883.0,2647.0
311,USA,2,JAM,51,2004,1,455908000,53000,295487.0,2666.0
312,USA,2,JAM,51,2005,1,495326000,56000,298166.0,2682.0
313,USA,2,JAM,51,2006,1,521840000,57000,300943.0,2696.0
314,USA,2,JAM,51,2007,1,552568000,108000,303787.0,2708.0
315,USA,2,JAM,51,2008,1,616073000,96000,306657.0,2719.0
316,USA,2,JAM,51,2009,1,662049000,62000,309492.0,2730.0
317,USA,2,JAM,51,2010,1,693600000,102000,312247.0,2741.0
318,USA,2,JAM,51,2011,1,687000000,139000,314912.0,2755.0
319,USA,2,JAM,51,2012,1,655388000,139000,317505.0,2769.0
320,USA,2,TRI,52,1967,1,75448000,2632,198712.0,1010.0
321,USA,2,TRI,52,1968,1,80732000,2350,200706.0,1021.0
322,USA,2,TRI,52,1969,1,81446000,2850,202677.0,1028.0
323,USA,2,TRI,52,1970,1,77827008,3350,205052.0,971.0
324,USA,2,TRI,52,1971,1,74862000,3949,207661.0,978.0
325,USA,2,TRI,52,1972,1,77639000,4164,209896.0,988.0
326,USA,2,TRI,52,1973,1,78385000,3726,211909.0,997.0
327,USA,2,TRI,52,1974,1,85906000,4627,213854.0,1004.0
328,USA,2,TRI,52,1975,1,90948000,5991,215973.0,1012.0
329,USA,2,TRI,52,1976,1,91013000,6564,218035.0,1023.0
330,USA,2,TRI,52,1977,1,100925000,8042,220239.0,1035.0
331,USA,2,TRI,52,1978,1,109247000,14900,222585.0,1049.0
332,USA,2,TRI,52,1979,1,122279000,21903,225055.0,1064.0
333,USA,2,TRI,52,1980,1,143981000,29103,227726.0,1082.0
334,USA,2,TRI,52,1981,1,169888000,43009,229966.0,1094.0
335,USA,2,TRI,52,1982,1,196345000,68790,232188.0,1116.0
336,USA,2,TRI,52,1983,1,217198000,81022,234307.0,1139.0
337,USA,2,TRI,52,1984,1,237052000,75020,236348.0,1170.0
338,USA,2,TRI,52,1985,1,245154000,73470,238466.0,1178.0
339,USA,2,TRI,52,1986,1,265480000,193750,240651.0,1195.0
340,USA,2,TRI,52,1987,1,273966000,-9,242804.0,1193.0
341,USA,2,TRI,52,1988,1,281935000,-9,245021.0,1208.0
342,USA,2,TRI,52,1989,1,294880000,59000,247342.0,1206.0
343,USA,2,TRI,52,1990,1,289755000,-9,249907.0,1215.0
344,USA,2,TRI,52,1991,1,262389000,29000,252618.0,1225.0
345,USA,2,TRI,52,1992,1,286892000,74000,255391.0,1240.0
346,USA,2,TRI,52,1993,1,297600000,-9,258132.0,1247.0
347,USA,2,TRI,52,1994,1,293214000,77000,260602.0,1250.0
348,USA,2,TRI,52,1995,1,277834000,72000,262755.0,1260.0
349,USA,2,TRI,52,1996,1,277254000,67000,265284.0,1264.0
350,USA,2,TRI,52,1997,1,276324000,40000,267901.0,1307.0
351,USA,2,TRI,52,1998,1,279702000,44000,274028.0,1283.0
352,USA,2,TRI,52,1999,1,292147000,40000,276218.0,1289.0
353,USA,2,TRI,52,2000,1,303136000,62000,278357.0,1295.0
354,USA,2,TRI,52,2001,1,322365000,67000,285112.0,1267.0
355,USA,2,TRI,52,2002,1,348555000,28000,290270.0,1278.0
356,USA,2,TRI,52,2003,1,404920000,55000,292883.0,1284.0
357,USA,2,TRI,52,2004,1,455908000,70000,295487.0,1290.0
358,USA,2,TRI,52,2005,1,495326000,64000,298166.0,1297.0
359,USA,2,TRI,52,2006,1,521840000,52000,300943.0,1303.0
360,USA,2,TRI,52,2007,1,552568000,55000,303787.0,1310.0
361,USA,2,TRI,52,2008,1,616073000,143000,306657.0,1316.0
362,USA,2,TRI,52,2009,1,662049000,106000,309492.0,1323.0
363,USA,2,TRI,52,2010,1,693600000,170000,312247.0,1328.0
364,USA,2,TRI,52,2011,1,687000000,379000,314912.0,1333.0
365,USA,2,TRI,52,2012,1,655388000,460000,317505.0,1337.0
366,USA,2,BAR,53,1967,1,75448000,0,198712.0,249.0
367,USA,2,BAR,53,1968,1,80732000,0,200706.0,252.0
368,USA,2,BAR,53,1969,1,81446000,0,202677.0,253.0
369,USA,2,BAR,53,1970,1,77827008,0,205052.0,239.0
370,USA,2,BAR,53,1971,1,74862000,600,207661.0,240.0
371,USA,2,BAR,53,1972,1,77639000,800,209896.0,242.0
372,USA,2,BAR,53,1973,1,78385000,1000,211909.0,243.0
373,USA,2,BAR,53,1974,1,85906000,1000,213854.0,244.0
374,USA,2,BAR,53,1975,1,90948000,1000,215973.0,246.0
375,USA,2,BAR,53,1976,1,91013000,800,218035.0,246.0
376,USA,2,BAR,53,1977,1,100925000,1000,220239.0,247.0
377,USA,2,BAR,53,1978,1,109247000,1000,222585.0,248.0
378,USA,2,BAR,53,1979,1,122279000,3000,225055.0,248.0
379,USA,2,BAR,53,1980,1,143981000,10000,227726.0,249.0
380,USA,2,BAR,53,1981,1,169888000,11000,229966.0,250.0
381,USA,2,BAR,53,1982,1,196345000,8000,232188.0,250.0
382,USA,2,BAR,53,1983,1,217198000,9000,234307.0,251.0
383,USA,2,BAR,53,1984,1,237052000,11000,236348.0,252.0
384,USA,2,BAR,53,1985,1,245154000,10000,238466.0,253.0
385,USA,2,BAR,53,1986,1,265480000,9000,240651.0,253.0
386,USA,2,BAR,53,1987,1,273966000,8000,242804.0,254.0
387,USA,2,BAR,53,1988,1,281935000,11000,245021.0,254.0
388,USA,2,BAR,53,1989,1,294880000,10000,247342.0,255.0
389,USA,2,BAR,53,1990,1,289755000,21300,249907.0,257.0
390,USA,2,BAR,53,1991,1,262389000,-9,252618.0,258.0
391,USA,2,BAR,53,1992,1,286892000,-9,255391.0,263.0
392,USA,2,BAR,53,1993,1,297600000,12000,258132.0,264.0
393,USA,2,BAR,53,1994,1,293214000,13000,260602.0,264.0
394,USA,2,BAR,53,1995,1,277834000,14000,262755.0,264.0
395,USA,2,BAR,53,1996,1,277254000,14000,265284.0,264.0
396,USA,2,BAR,53,1997,1,276324000,12000,267901.0,262.0
397,USA,2,BAR,53,1998,1,279702000,13000,274028.0,268.0
398,USA,2,BAR,53,1999,1,292147000,12000,276218.0,269.0
399,USA,2,BAR,53,2000,1,303136000,13000,278357.0,270.0
400,USA,2,BAR,53,2001,1,322365000,13000,285112.0,270.0
401,USA,2,BAR,53,2002,1,348555000,13000,290270.0,270.0
402,USA,2,BAR,53,2003,1,404920000,24000,292883.0,271.0
403,USA,2,BAR,53,2004,1,455908000,24000,295487.0,272.0
404,USA,2,BAR,53,2005,1,495326000,26000,298166.0,274.0
405,USA,2,BAR,53,2006,1,521840000,27000,300943.0,275.0
406,USA,2,BAR,53,2007,1,552568000,28000,303787.0,276.0
407,USA,2,BAR,53,2008,1,616073000,30000,306657.0,278.0
408,USA,2,BAR,53,2009,1,662049000,26000,309492.0,279.0
409,USA,2,BAR,53,2010,1,693600000,30000,312247.0,280.0
410,USA,2,BAR,53,2011,1,687000000,33000,314912.0,282.0
411,USA,2,BAR,53,2012,1,655388000,33000,317505.0,283.0
412,USA,2,DMA,54,1979,1,122279000,240,225055.0,77.0
413,USA,2,DMA,54,1980,1,143981000,-9,227726.0,74.0
414,USA,2,DMA,54,1981,1,169888000,-9,229966.0,74.0
415,USA,2,DMA,54,1982,1,196345000,-9,232188.0,76.0
416,USA,2,DMA,54,1983,1,217198000,-9,234307.0,76.0
417,USA,2,DMA,54,1984,1,237052000,-9,236348.0,75.0
418,USA,2,DMA,54,1985,1,245154000,-9,238466.0,75.0
419,USA,2,DMA,54,1986,1,265480000,0,240651.0,74.0
420,USA,2,DMA,54,1987,1,273966000,0,242804.0,73.0
421,USA,2,DMA,54,1988,1,281935000,0,245021.0,73.0
422,USA,2,DMA,54,1989,1,294880000,0,247342.0,72.0
423,USA,2,DMA,54,1990,1,289755000,0,249907.0,72.0
424,USA,2,DMA,54,1991,1,262389000,0,252618.0,71.0
425,USA,2,DMA,54,1992,1,286892000,0,255391.0,72.0
426,USA,2,DMA,54,1993,1,297600000,0,258132.0,73.0
427,USA,2,DMA,54,1994,1,293214000,0,260602.0,74.0
428,USA,2,DMA,54,1995,1,277834000,0,262755.0,71.0
429,USA,2,DMA,54,1996,1,277254000,0,265284.0,74.0
430,USA,2,DMA,54,1997,1,276324000,0,267901.0,71.0
431,USA,2,DMA,54,1998,1,279702000,0,274028.0,71.0
432,USA,2,DMA,54,1999,1,292147000,0,276218.0,71.0
433,USA,2,DMA,54,2000,1,303136000,0,278357.0,71.0
434,USA,2,DMA,54,2001,1,322365000,0,285112.0,71.0
435,USA,2,DMA,54,2002,1,348555000,0,290270.0,70.0
436,USA,2,DMA,54,2003,1,404920000,0,292883.0,70.0
437,USA,2,DMA,54,2004,1,455908000,0,295487.0,70.0
438,USA,2,DMA,54,2005,1,495326000,0,298166.0,71.0
439,USA,2,DMA,54,2006,1,521840000,0,300943.0,71.0
440,USA,2,DMA,54,2007,1,552568000,0,303787.0,71.0
441,USA,2,DMA,54,2008,1,616073000,0,306657.0,71.0
442,USA,2,DMA,54,2009,1,662049000,0,309492.0,71.0
443,USA,2,DMA,54,2010,1,693600000,0,312247.0,71.0
444,USA,2,DMA,54,2011,1,687000000,0,314912.0,71.0
445,USA,2,DMA,54,2012,1,655388000,0,317505.0,72.0
446,USA,2,GRN,55,1975,1,90948000,1700,215973.0,105.0
447,USA,2,GRN,55,1976,1,91013000,1829,218035.0,107.0
448,USA,2,GRN,55,1977,1,100925000,2262,220239.0,108.0
449,USA,2,GRN,55,1978,1,109247000,-9,222585.0,109.0
450,USA,2,GRN,55,1979,1,122279000,-9,225055.0,109.0
451,USA,2,GRN,55,1980,1,143981000,-9,227726.0,109.0
452,USA,2,GRN,55,1981,1,169888000,-9,229966.0,88.0
453,USA,2,GRN,55,1982,1,196345000,6730,232188.0,89.0
454,USA,2,GRN,55,1983,1,217198000,2300,234307.0,91.0
455,USA,2,GRN,55,1984,1,237052000,-9,236348.0,94.0
456,USA,2,GRN,55,1985,1,245154000,-9,238466.0,91.0
457,USA,2,GRN,55,1986,1,265480000,-9,240651.0,97.0
458,USA,2,GRN,55,1987,1,273966000,-9,242804.0,97.0
459,USA,2,GRN,55,1988,1,281935000,-9,245021.0,90.0
460,USA,2,GRN,55,1989,1,294880000,-9,247342.0,91.0
461,USA,2,GRN,55,1990,1,289755000,-9,249907.0,91.0
462,USA,2,GRN,55,1991,1,262389000,-9,252618.0,91.0
463,USA,2,GRN,55,1992,1,286892000,-9,255391.0,91.0
464,USA,2,GRN,55,1993,1,297600000,-9,258132.0,92.0
465,USA,2,GRN,55,1994,1,293214000,0,260602.0,92.0
466,USA,2,GRN,55,1995,1,277834000,0,262755.0,92.0
467,USA,2,GRN,55,1996,1,277254000,0,265284.0,92.0
468,USA,2,GRN,55,1997,1,276324000,0,267901.0,93.0
469,USA,2,GRN,55,1998,1,279702000,0,274028.0,93.0
470,USA,2,GRN,55,1999,1,292147000,0,276218.0,93.0
471,USA,2,GRN,55,2000,1,303136000,0,278357.0,94.0
472,USA,2,GRN,55,2001,1,322365000,0,285112.0,101.0
473,USA,2,GRN,55,2002,1,348555000,0,290270.0,102.0
474,USA,2,GRN,55,2003,1,404920000,0,292883.0,102.0
475,USA,2,GRN,55,2004,1,455908000,0,295487.0,103.0
476,USA,2,GRN,55,2005,1,495326000,0,298166.0,103.0
477,USA,2,GRN,55,2006,1,521840000,0,300943.0,103.0
478,USA,2,GRN,55,2007,1,552568000,0,303787.0,104.0
479,USA,2,GRN,55,2008,1,616073000,0,306657.0,104.0
480,USA,2,GRN,55,2009,1,662049000,0,309492.0,104.0
481,USA,2,GRN,55,2010,1,693600000,0,312247.0,105.0
482,USA,2,GRN,55,2011,1,687000000,0,314912.0,105.0
483,USA,2,GRN,55,2012,1,655388000,0,317505.0,105.0
484,USA,2,SLU,56,1979,1,122279000,0,225055.0,121.0
485,USA,2,SLU,56,1980,1,143981000,0,227726.0,124.0
486,USA,2,SLU,56,1981,1,169888000,0,229966.0,126.0
487,USA,2,SLU,56,1982,1,196345000,0,232188.0,129.0
488,USA,2,SLU,56,1983,1,217198000,0,234307.0,131.0
489,USA,2,SLU,56,1984,1,237052000,0,236348.0,134.0
490,USA,2,SLU,56,1985,1,245154000,0,238466.0,137.0
491,USA,2,SLU,56,1986,1,265480000,0,240651.0,140.0
492,USA,2,SLU,56,1987,1,273966000,0,242804.0,142.0
493,USA,2,SLU,56,1988,1,281935000,0,245021.0,145.0
494,USA,2,SLU,56,1989,1,294880000,0,247342.0,148.0
495,USA,2,SLU,56,1990,1,289755000,0,249907.0,133.0
496,USA,2,SLU,56,1991,1,262389000,0,252618.0,135.0
497,USA,2,SLU,56,1992,1,286892000,0,255391.0,137.0
498,USA,2,SLU,56,1993,1,297600000,0,258132.0,139.0
499,USA,2,SLU,56,1994,1,293214000,0,260602.0,141.0
500,USA,2,SLU,56,1995,1,277834000,0,262755.0,145.0
501,USA,2,SLU,56,1996,1,277254000,0,265284.0,144.0
502,USA,2,SLU,56,1997,1,276324000,0,267901.0,146.0
503,USA,2,SLU,56,1998,1,279702000,0,274028.0,150.0
504,USA,2,SLU,56,1999,1,292147000,0,276218.0,152.0
505,USA,2,SLU,56,2000,1,303136000,0,278357.0,154.0
506,USA,2,SLU,56,2001,1,322365000,0,285112.0,158.0
507,USA,2,SLU,56,2002,1,348555000,0,290270.0,160.0
508,USA,2,SLU,56,2003,1,404920000,0,292883.0,162.0
509,USA,2,SLU,56,2004,1,455908000,0,295487.0,163.0
510,USA,2,SLU,56,2005,1,495326000,0,298166.0,165.0
511,USA,2,SLU,56,2006,1,521840000,0,300943.0,168.0
512,USA,2,SLU,56,2007,1,552568000,0,303787.0,170.0
513,USA,2,SLU,56,2008,1,616073000,0,306657.0,173.0
514,USA,2,SLU,56,2009,1,662049000,0,309492.0,175.0
515,USA,2,SLU,56,2010,1,693600000,0,312247.0,177.0
516,USA,2,SLU,56,2011,1,687000000,0,314912.0,179.0
517,USA,2,SLU,56,2012,1,655388000,0,317505.0,181.0
518,USA,2,SVG,57,1981,1,169888000,1296,229966.0,99.0
519,USA,2,SVG,57,1982,1,196345000,1677,232188.0,99.0
520,USA,2,SVG,57,1983,1,217198000,1925,234307.0,100.0
521,USA,2,SVG,57,1984,1,237052000,2296,236348.0,101.0
522,USA,2,SVG,57,1985,1,245154000,2148,238466.0,102.0
523,USA,2,SVG,57,1986,1,265480000,2703,240651.0,102.0
524,USA,2,SVG,57,1987,1,273966000,3000,242804.0,103.0
525,USA,2,SVG,57,1988,1,281935000,3074,245021.0,104.0
526,USA,2,SVG,57,1989,1,294880000,3222,247342.0,105.0
527,USA,2,SVG,57,1990,1,289755000,3222,249907.0,106.0
528,USA,2,SVG,57,1991,1,262389000,-9,252618.0,106.0
529,USA,2,SVG,57,1992,1,286892000,-9,255391.0,109.0
530,USA,2,SVG,57,1993,1,297600000,-9,258132.0,109.0
531,USA,2,SVG,57,1994,1,293214000,0,260602.0,110.0
532,USA,2,SVG,57,1995,1,277834000,0,262755.0,111.0
533,USA,2,SVG,57,1996,1,277254000,0,265284.0,111.0
534,USA,2,SVG,57,1997,1,276324000,0,267901.0,112.0
535,USA,2,SVG,57,1998,1,279702000,0,274028.0,112.0
536,USA,2,SVG,57,1999,1,292147000,0,276218.0,113.0
537,USA,2,SVG,57,2000,1,303136000,0,278357.0,114.0
538,USA,2,SVG,57,2001,1,322365000,0,285112.0,109.0
539,USA,2,SVG,57,2002,1,348555000,0,290270.0,108.0
540,USA,2,SVG,57,2003,1,404920000,0,292883.0,108.0
541,USA,2,SVG,57,2004,1,455908000,0,295487.0,109.0
542,USA,2,SVG,57,2005,1,495326000,0,298166.0,109.0
543,USA,2,SVG,57,2006,1,521840000,0,300943.0,109.0
544,USA,2,SVG,57,2007,1,552568000,0,303787.0,109.0
545,USA,2,SVG,57,2008,1,616073000,0,306657.0,109.0
546,USA,2,SVG,57,2009,1,662049000,0,309492.0,109.0
547,USA,2,SVG,57,2010,1,693600000,0,312247.0,109.0
548,USA,2,SVG,57,2011,1,687000000,0,314912.0,109.0
549,USA,2,SVG,57,2012,1,655388000,0,317505.0,109.0
550,USA,2,AAB,58,1981,1,169888000,0,229966.0,63.0
551,USA,2,AAB,58,1982,1,196345000,-9,232188.0,63.0
552,USA,2,AAB,58,1983,1,217198000,-9,234307.0,63.0
553,USA,2,AAB,58,1984,1,237052000,-9,236348.0,64.0
554,USA,2,AAB,58,1985,1,245154000,-9,238466.0,64.0
555,USA,2,AAB,58,1986,1,265480000,-9,240651.0,64.0
556,USA,2,AAB,58,1987,1,273966000,-9,242804.0,64.0
557,USA,2,AAB,58,1988,1,281935000,-9,245021.0,64.0
558,USA,2,AAB,58,1989,1,294880000,-9,247342.0,64.0
559,USA,2,AAB,58,1990,1,289755000,3900,249907.0,64.0
560,USA,2,AAB,58,1991,1,262389000,-9,252618.0,64.0
561,USA,2,AAB,58,1992,1,286892000,-9,255391.0,65.0
562,USA,2,AAB,58,1993,1,297600000,-9,258132.0,66.0
563,USA,2,AAB,58,1994,1,293214000,3000,260602.0,66.0
564,USA,2,AAB,58,1995,1,277834000,3000,262755.0,68.0
565,USA,2,AAB,58,1996,1,277254000,4000,265284.0,69.0
566,USA,2,AAB,58,1997,1,276324000,3000,267901.0,67.0
567,USA,2,AAB,58,1998,1,279702000,4000,274028.0,67.0
568,USA,2,AAB,58,1999,1,292147000,4000,276218.0,67.0
569,USA,2,AAB,58,2000,1,303136000,4000,278357.0,68.0
570,USA,2,AAB,58,2001,1,322365000,4000,285112.0,77.0
571,USA,2,AAB,58,2002,1,348555000,4000,290270.0,80.0
572,USA,2,AAB,58,2003,1,404920000,4000,292883.0,81.0
573,USA,2,AAB,58,2004,1,455908000,4000,295487.0,82.0
574,USA,2,AAB,58,2005,1,495326000,5000,298166.0,83.0
575,USA,2,AAB,58,2006,1,521840000,5000,300943.0,83.0
576,USA,2,AAB,58,2007,1,552568000,5000,303787.0,84.0
577,USA,2,AAB,58,2008,1,616073000,7000,306657.0,85.0
578,USA,2,AAB,58,2009,1,662049000,8000,309492.0,86.0
579,USA,2,AAB,58,2010,1,693600000,7000,312247.0,87.0
580,USA,2,AAB,58,2011,1,687000000,29000,314912.0,88.0
581,USA,2,AAB,58,2012,1,655388000,28000,317505.0,89.0
582,USA,2,SKN,60,1984,1,237052000,0,236348.0,45.0
583,USA,2,SKN,60,1985,1,245154000,90,238466.0,44.0
584,USA,2,SKN,60,1986,1,265480000,200,240651.0,44.0
585,USA,2,SKN,60,1987,1,273966000,29,242804.0,43.0
586,USA,2,SKN,60,1988,1,281935000,-9,245021.0,44.0
587,USA,2,SKN,60,1989,1,294880000,-9,247342.0,42.0
588,USA,2,SKN,60,1990,1,289755000,-9,249907.0,42.0
589,USA,2,SKN,60,1991,1,262389000,-9,252618.0,41.0
590,USA,2,SKN,60,1992,1,286892000,-9,255391.0,43.0
591,USA,2,SKN,60,1993,1,297600000,-9,258132.0,44.0
592,USA,2,SKN,60,1994,1,293214000,-9,260602.0,43.0
593,USA,2,SKN,60,1995,1,277834000,-9,262755.0,44.0
594,USA,2,SKN,60,1996,1,277254000,-9,265284.0,42.0
595,USA,2,SKN,60,1997,1,276324000,-9,267901.0,41.0
596,USA,2,SKN,60,1998,1,279702000,-9,274028.0,39.0
597,USA,2,SKN,60,1999,1,292147000,-9,276218.0,39.0
598,USA,2,SKN,60,2000,1,303136000,-9,278357.0,38.0
599,USA,2,SKN,60,2001,1,322365000,-9,285112.0,46.0
600,USA,2,SKN,60,2002,1,348555000,0,290270.0,47.0
601,USA,2,SKN,60,2003,1,404920000,0,292883.0,48.0
602,USA,2,SKN,60,2004,1,455908000,0,295487.0,48.0
603,USA,2,SKN,60,2005,1,495326000,0,298166.0,49.0
604,USA,2,SKN,60,2006,1,521840000,0,300943.0,50.0
605,USA,2,SKN,60,2007,1,552568000,0,303787.0,50.0
606,USA,2,SKN,60,2008,1,616073000,0,306657.0,51.0
607,USA,2,SKN,60,2009,1,662049000,0,309492.0,52.0
608,USA,2,SKN,60,2010,1,693600000,0,312247.0,52.0
609,USA,2,SKN,60,2011,1,687000000,0,314912.0,53.0
610,USA,2,SKN,60,2012,1,655388000,0,317505.0,54.0
611,USA,2,MEX,70,1936,0,932600,19300,128181.0,18410.0
612,USA,2,MEX,70,1937,0,1032900,22478,128961.0,18736.0
613,USA,2,MEX,70,1938,0,1131499,23033,129969.0,19070.0
614,USA,2,MEX,70,1939,0,980000,18600,131028.0,19413.0
615,USA,2,MEX,70,1940,0,1657000,18146,132122.0,19654.0
616,USA,2,MEX,70,1941,0,6301000,22633,133402.0,20210.0
617,USA,2,MEX,70,1942,0,26001000,24691,134860.0,20660.0
618,USA,2,MEX,70,1943,0,72109000,30246,136739.0,21170.0
619,USA,2,MEX,70,1944,0,87000000,32921,138397.0,21670.0
620,USA,2,MEX,70,1945,1,90000000,34979,139928.0,22230.0
621,USA,2,MEX,70,1946,1,45133984,52037,141389.0,22780.0
622,USA,2,MEX,70,1947,1,14315999,57058,144126.0,23440.0
623,USA,2,MEX,70,1948,1,10960998,60576,147208.0,24461.0
624,USA,2,MEX,70,1949,1,13503000,48110,149767.0,25132.0
625,USA,2,MEX,70,1950,1,14559000,40000,152271.0,27376.0
626,USA,2,MEX,70,1951,1,33398000,46012,154878.0,28140.0
627,USA,2,MEX,70,1952,1,47852000,50289,157553.0,28954.0
628,USA,2,MEX,70,1953,1,49621008,55376,160184.0,29814.0
629,USA,2,MEX,70,1954,1,42786000,47093,163026.0,30720.0
630,USA,2,MEX,70,1955,1,40518000,42674,165931.0,31669.0
631,USA,2,MEX,70,1956,1,41773008,50600,168903.0,32662.0
632,USA,2,MEX,70,1957,1,44548000,63411,171984.0,33701.0
633,USA,2,MEX,70,1958,1,45503008,69015,174882.0,34784.0
634,USA,2,MEX,70,1959,1,46614000,70697,177830.0,35909.0
635,USA,2,MEX,70,1960,1,45380000,81745,180671.0,36322.0
636,USA,2,MEX,70,1961,1,47808000,88951,183691.0,38273.0
637,USA,2,MEX,70,1962,1,52381008,100720,186538.0,39510.0
638,USA,2,MEX,70,1963,1,52295008,111129,189242.0,40790.0
639,USA,2,MEX,70,1964,1,51213008,127222,191889.0,42118.0
640,USA,2,MEX,70,1965,1,51827008,132186,194303.0,43148.0
641,USA,2,MEX,70,1966,1,67572000,143235,196560.0,44934.0
642,USA,2,MEX,70,1967,1,75448000,171978,198712.0,46418.0
643,USA,2,MEX,70,1968,1,80732000,182946,200706.0,47952.0
644,USA,2,MEX,70,1969,1,81446000,204003,202677.0,49538.0
645,USA,2,MEX,70,1970,1,77827008,218014,205052.0,50596.0
646,USA,2,MEX,70,1971,1,74862000,224000,207661.0,52884.0
647,USA,2,MEX,70,1972,1,77639000,260800,209896.0,54661.0
648,USA,2,MEX,70,1973,1,78385000,326400,211909.0,56481.0
649,USA,2,MEX,70,1974,1,85906000,430400,213854.0,58320.0
650,USA,2,MEX,70,1975,1,90948000,586200,215973.0,59099.0
651,USA,2,MEX,70,1976,1,91013000,529625,218035.0,60822.0
652,USA,2,MEX,70,1977,1,100925000,533541,220239.0,62538.0
653,USA,2,MEX,70,1978,1,109247000,634413,222585.0,64238.0
654,USA,2,MEX,70,1979,1,122279000,693575,225055.0,65917.0
655,USA,2,MEX,70,1980,1,143981000,824147,227726.0,67570.0
656,USA,2,MEX,70,1981,1,169888000,777120,229966.0,69192.0
657,USA,2,MEX,70,1982,1,196345000,943004,232188.0,70784.0
658,USA,2,MEX,70,1983,1,217198000,607856,234307.0,72354.0
659,USA,2,MEX,70,1984,1,237052000,562331,236348.0,73912.0
660,USA,2,MEX,70,1985,1,245154000,1170000,238466.0,75465.0
661,USA,2,MEX,70,1986,1,265480000,612460,240651.0,77015.0
662,USA,2,MEX,70,1987,1,273966000,937000,242804.0,78561.0
663,USA,2,MEX,70,1988,1,281935000,646450,245021.0,80109.0
664,USA,2,MEX,70,1989,1,294880000,640630,247342.0,81663.0
665,USA,2,MEX,70,1990,1,289755000,678410,249907.0,83226.0
666,USA,2,MEX,70,1991,1,262389000,674536,252618.0,84801.0
667,USA,2,MEX,70,1992,1,286892000,1520000,255391.0,86386.0
668,USA,2,MEX,70,1993,1,297600000,1656000,258132.0,87976.0
669,USA,2,MEX,70,1994,1,293214000,2300000,260602.0,89564.0
670,USA,2,MEX,70,1995,1,277834000,2366000,262755.0,90487.0
671,USA,2,MEX,70,1996,1,277254000,3629000,265284.0,92718.0
672,USA,2,MEX,70,1997,1,276324000,3664000,267901.0,94281.0
673,USA,2,MEX,70,1998,1,279702000,3907000,274028.0,95831.0
674,USA,2,MEX,70,1999,1,292147000,4289000,276218.0,97365.0
675,USA,2,MEX,70,2000,1,303136000,5229000,278357.0,98881.0
676,USA,2,MEX,70,2001,1,322365000,5733000,285112.0,99716.0
677,USA,2,MEX,70,2002,1,348555000,3236000,290270.0,106724.0
678,USA,2,MEX,70,2003,1,404920000,2938000,292883.0,108056.0
679,USA,2,MEX,70,2004,1,455908000,2876000,295487.0,109382.0
680,USA,2,MEX,70,2005,1,495326000,3123000,298166.0,110732.0
681,USA,2,MEX,70,2006,1,521840000,3229000,300943.0,112117.0
682,USA,2,MEX,70,2007,1,552568000,3982000,303787.0,113530.0
683,USA,2,MEX,70,2008,1,616073000,4346000,306657.0,114968.0
684,USA,2,MEX,70,2009,1,662049000,4769000,309492.0,116423.0
685,USA,2,MEX,70,2010,1,693600000,5410000,312247.0,117886.0
686,USA,2,MEX,70,2011,1,687000000,5051000,314912.0,119361.0
687,USA,2,MEX,70,2012,1,655388000,5237000,317505.0,120847.0
688,USA,2,BLZ,80,1991,1,262389000,8000,252618.0,194.0
689,USA,2,BLZ,80,1992,1,286892000,-9,255391.0,199.0
690,USA,2,BLZ,80,1993,1,297600000,6900,258132.0,205.0
691,USA,2,BLZ,80,1994,1,293214000,11000,260602.0,211.0
692,USA,2,BLZ,80,1995,1,277834000,13000,262755.0,216.0
693,USA,2,BLZ,80,1996,1,277254000,15000,265284.0,222.0
694,USA,2,BLZ,80,1997,1,276324000,16000,267901.0,230.0
695,USA,2,BLZ,80,1998,1,279702000,17000,274028.0,230.0
696,USA,2,BLZ,80,1999,1,292147000,17000,276218.0,235.0
697,USA,2,BLZ,80,2000,1,303136000,18000,278357.0,241.0
698,USA,2,BLZ,80,2001,1,322365000,18000,285112.0,257.0
699,USA,2,BLZ,80,2002,1,348555000,14000,290270.0,252.0
700,USA,2,BLZ,80,2003,1,404920000,15000,292883.0,258.0
701,USA,2,BLZ,80,2004,1,455908000,16000,295487.0,265.0
702,USA,2,BLZ,80,2005,1,495326000,16000,298166.0,272.0
703,USA,2,BLZ,80,2006,1,521840000,18000,300943.0,279.0
704,USA,2,BLZ,80,2007,1,552568000,18000,303787.0,286.0
705,USA,2,BLZ,80,2008,1,616073000,-9,306657.0,294.0
706,USA,2,BLZ,80,2009,1,662049000,14000,309492.0,301.0
707,USA,2,BLZ,80,2010,1,693600000,16000,312247.0,309.0
708,USA,2,BLZ,80,2011,1,687000000,16000,314912.0,316.0
709,USA,2,BLZ,80,2012,1,655388000,16000,317505.0,324.0
710,USA,2,GUA,90,1936,0,932600,2100,128181.0,2020.0
711,USA,2,GUA,90,1937,0,1032900,1800,128961.0,2070.0
712,USA,2,GUA,90,1938,0,1131499,1900,129969.0,2110.0
713,USA,2,GUA,90,1939,0,980000,1880,131028.0,2150.0
714,USA,2,GUA,90,1940,0,1657000,-9,132122.0,2200.0
715,USA,2,GUA,90,1941,0,6301000,-9,133402.0,2250.0
716,USA,2,GUA,90,1942,0,26001000,1900,134860.0,2300.0
717,USA,2,GUA,90,1943,0,72109000,-9,136739.0,2340.0
718,USA,2,GUA,90,1944,0,87000000,1900,138397.0,2390.0
719,USA,2,GUA,90,1945,1,90000000,-9,139928.0,2440.0
720,USA,2,GUA,90,1946,1,45133984,3366,141389.0,2500.0
721,USA,2,GUA,90,1947,1,14315999,3474,144126.0,2570.0
722,USA,2,GUA,90,1948,1,10960998,3871,147208.0,2641.0
723,USA,2,GUA,90,1949,1,13503000,5161,149767.0,2724.0
724,USA,2,GUA,90,1950,1,14559000,5062,152271.0,2969.0
725,USA,2,GUA,90,1951,1,33398000,5558,154878.0,2892.0
726,USA,2,GUA,90,1952,1,47852000,5955,157553.0,2981.0
727,USA,2,GUA,90,1953,1,49621008,5955,160184.0,3058.0
728,USA,2,GUA,90,1954,1,42786000,6650,163026.0,3159.0
729,USA,2,GUA,90,1955,1,40518000,7940,165931.0,3258.0
730,USA,2,GUA,90,1956,1,41773008,8800,168903.0,3347.0
731,USA,2,GUA,90,1957,1,44548000,9300,171984.0,3451.0
732,USA,2,GUA,90,1958,1,45503008,9800,174882.0,3546.0
733,USA,2,GUA,90,1959,1,46614000,9800,177830.0,3652.0
734,USA,2,GUA,90,1960,1,45380000,9400,180671.0,3964.0
735,USA,2,GUA,90,1961,1,47808000,9200,183691.0,4079.0
736,USA,2,GUA,90,1962,1,52381008,9300,186538.0,4197.0
737,USA,2,GUA,90,1963,1,52295008,10200,189242.0,4318.0
738,USA,2,GUA,90,1964,1,51213008,12700,191889.0,4442.0
739,USA,2,GUA,90,1965,1,51827008,14300,194303.0,4568.0
740,USA,2,GUA,90,1966,1,67572000,14700,196560.0,4698.0
741,USA,2,GUA,90,1967,1,75448000,16400,198712.0,4830.0
742,USA,2,GUA,90,1968,1,80732000,15700,200706.0,4964.0
743,USA,2,GUA,90,1969,1,81446000,15600,202677.0,5103.0
744,USA,2,GUA,90,1970,1,77827008,17200,205052.0,5246.0
745,USA,2,GUA,90,1971,1,74862000,18500,207661.0,5393.0
746,USA,2,GUA,90,1972,1,77639000,22500,209896.0,5544.0
747,USA,2,GUA,90,1973,1,78385000,21500,211909.0,5699.0
748,USA,2,GUA,90,1974,1,85906000,27400,213854.0,5858.0
749,USA,2,GUA,90,1975,1,90948000,42900,215973.0,6023.0
750,USA,2,GUA,90,1976,1,91013000,49600,218035.0,6191.0
751,USA,2,GUA,90,1977,1,100925000,77700,220239.0,6364.0
752,USA,2,GUA,90,1978,1,109247000,73200,222585.0,6543.0
753,USA,2,GUA,90,1979,1,122279000,81899,225055.0,6726.0
754,USA,2,GUA,90,1980,1,143981000,109090,227726.0,6917.0
755,USA,2,GUA,90,1981,1,169888000,131209,229966.0,7113.0
756,USA,2,GUA,90,1982,1,196345000,165114,232188.0,7315.0
757,USA,2,GUA,90,1983,1,217198000,170009,234307.0,7524.0
758,USA,2,GUA,90,1984,1,237052000,181288,236348.0,7740.0
759,USA,2,GUA,90,1985,1,245154000,174000,238466.0,7963.0
760,USA,2,GUA,90,1986,1,265480000,130770,240651.0,8195.0
761,USA,2,GUA,90,1987,1,273966000,106320,242804.0,8434.0
762,USA,2,GUA,90,1988,1,281935000,127000,245021.0,8681.0
763,USA,2,GUA,90,1989,1,294880000,131000,247342.0,8935.0
764,USA,2,GUA,90,1990,1,289755000,71780,249907.0,9197.0
765,USA,2,GUA,90,1991,1,262389000,126000,252618.0,9467.0
766,USA,2,GUA,90,1992,1,286892000,109160,255391.0,9745.0
767,USA,2,GUA,90,1993,1,297600000,113000,258132.0,10030.0
768,USA,2,GUA,90,1994,1,293214000,136000,260602.0,10322.0
769,USA,2,GUA,90,1995,1,277834000,150000,262755.0,9976.0
770,USA,2,GUA,90,1996,1,277254000,211000,265284.0,10243.0
771,USA,2,GUA,90,1997,1,276324000,182000,267901.0,10517.0
772,USA,2,GUA,90,1998,1,279702000,159000,274028.0,10801.0
773,USA,2,GUA,90,1999,1,292147000,149000,276218.0,11090.0
774,USA,2,GUA,90,2000,1,303136000,155000,278357.0,11385.0
775,USA,2,GUA,90,2001,1,322365000,186000,285112.0,11678.0
776,USA,2,GUA,90,2002,1,348555000,158000,290270.0,11766.0
777,USA,2,GUA,90,2003,1,404920000,179000,292883.0,12063.0
778,USA,2,GUA,90,2004,1,455908000,112000,295487.0,12368.0
779,USA,2,GUA,90,2005,1,495326000,90000,298166.0,12679.0
780,USA,2,GUA,90,2006,1,521840000,146000,300943.0,12995.0
781,USA,2,GUA,90,2007,1,552568000,166000,303787.0,13318.0
782,USA,2,GUA,90,2008,1,616073000,180000,306657.0,13648.0
783,USA,2,GUA,90,2009,1,662049000,166000,309492.0,13989.0
784,USA,2,GUA,90,2010,1,693600000,156000,312247.0,14342.0
785,USA,2,GUA,90,2011,1,687000000,200000,314912.0,14707.0
786,USA,2,GUA,90,2012,1,655388000,212000,317505.0,15083.0
787,USA,2,HON,91,1936,0,932600,1000,128181.0,1060.0
788,USA,2,HON,91,1937,0,1032900,1100,128961.0,1080.0
789,USA,2,HON,91,1938,0,1131499,1000,129969.0,1100.0
790,USA,2,HON,91,1939,0,980000,1095,131028.0,1120.0
791,USA,2,HON,91,1940,0,1657000,1040,132122.0,1150.0
792,USA,2,HON,91,1941,0,6301000,-9,133402.0,1170.0
793,USA,2,HON,91,1942,0,26001000,1184,134860.0,1200.0
794,USA,2,HON,91,1943,0,72109000,1208,136739.0,1210.0
795,USA,2,HON,91,1944,0,87000000,1141,138397.0,1240.0
796,USA,2,HON,91,1945,1,90000000,1217,139928.0,1260.0
797,USA,2,HON,91,1946,1,45133984,1814,141389.0,1290.0
798,USA,2,HON,91,1947,1,14315999,2402,144126.0,1320.0
799,USA,2,HON,91,1948,1,10960998,3627,147208.0,1353.0
800,USA,2,HON,91,1949,1,13503000,2843,149767.0,1389.0
801,USA,2,HON,91,1950,1,14559000,2794,152271.0,1445.0
802,USA,2,HON,91,1951,1,33398000,3168,154878.0,1485.0
803,USA,2,HON,91,1952,1,47852000,3218,157553.0,1528.0
804,USA,2,HON,91,1953,1,49621008,3020,160184.0,1570.0
805,USA,2,HON,91,1954,1,42786000,3200,163026.0,1617.0
806,USA,2,HON,91,1955,1,40518000,3200,165931.0,1665.0
807,USA,2,HON,91,1956,1,41773008,4650,168903.0,1715.0
808,USA,2,HON,91,1957,1,44548000,4450,171984.0,1768.0
809,USA,2,HON,91,1958,1,45503008,4550,174882.0,1823.0
810,USA,2,HON,91,1959,1,46614000,4650,177830.0,1880.0
811,USA,2,HON,91,1960,1,45380000,4100,180671.0,1943.0
812,USA,2,HON,91,1961,1,47808000,7200,183691.0,1885.0
813,USA,2,HON,91,1962,1,52381008,7250,186538.0,2066.0
814,USA,2,HON,91,1963,1,52295008,7700,189242.0,2129.0
815,USA,2,HON,91,1964,1,51213008,5400,191889.0,2193.0
816,USA,2,HON,91,1965,1,51827008,5700,194303.0,2256.0
817,USA,2,HON,91,1966,1,67572000,6200,196560.0,2320.0
818,USA,2,HON,91,1967,1,75448000,6150,198712.0,2401.0
819,USA,2,HON,91,1968,1,80732000,6200,200706.0,2483.0
820,USA,2,HON,91,1969,1,81446000,7100,202677.0,2565.0
821,USA,2,HON,91,1970,1,77827008,8750,205052.0,2639.0
822,USA,2,HON,91,1971,1,74862000,11400,207661.0,2720.0
823,USA,2,HON,91,1972,1,77639000,15450,209896.0,2805.0
824,USA,2,HON,91,1973,1,78385000,15950,211909.0,2895.0
825,USA,2,HON,91,1974,1,85906000,16900,213854.0,2991.0
826,USA,2,HON,91,1975,1,90948000,21400,215973.0,3093.0
827,USA,2,HON,91,1976,1,91013000,23700,218035.0,3202.0
828,USA,2,HON,91,1977,1,100925000,25250,220239.0,3318.0
829,USA,2,HON,91,1978,1,109247000,31400,222585.0,3439.0
830,USA,2,HON,91,1979,1,122279000,33000,225055.0,3564.0
831,USA,2,HON,91,1980,1,143981000,59000,227726.0,3691.0
832,USA,2,HON,91,1981,1,169888000,45000,229966.0,3821.0
833,USA,2,HON,91,1982,1,196345000,60000,232188.0,3955.0
834,USA,2,HON,91,1983,1,217198000,70000,234307.0,4092.0
835,USA,2,HON,91,1984,1,237052000,90000,236348.0,4232.0
836,USA,2,HON,91,1985,1,245154000,71580,238466.0,4372.0
837,USA,2,HON,91,1986,1,265480000,67500,240651.0,4514.0
838,USA,2,HON,91,1987,1,273966000,138000,242804.0,4656.0
839,USA,2,HON,91,1988,1,281935000,124000,245021.0,4802.0
840,USA,2,HON,91,1989,1,294880000,138000,247342.0,4951.0
841,USA,2,HON,91,1990,1,289755000,45700,249907.0,5105.0
842,USA,2,HON,91,1991,1,262389000,61000,252618.0,5265.0
843,USA,2,HON,91,1992,1,286892000,42450,255391.0,5427.0
844,USA,2,HON,91,1993,1,297600000,44000,258132.0,5595.0
845,USA,2,HON,91,1994,1,293214000,45000,260602.0,5770.0
846,USA,2,HON,91,1995,1,277834000,54000,262755.0,5953.0
847,USA,2,HON,91,1996,1,277254000,100000,265284.0,6140.0
848,USA,2,HON,91,1997,1,276324000,101000,267901.0,6338.0
849,USA,2,HON,91,1998,1,279702000,99000,274028.0,6147.0
850,USA,2,HON,91,1999,1,292147000,95000,276218.0,6316.0
851,USA,2,HON,91,2000,1,303136000,95000,278357.0,6485.0
852,USA,2,HON,91,2001,1,322365000,96000,285112.0,6530.0
853,USA,2,HON,91,2002,1,348555000,55000,290270.0,6496.0
854,USA,2,HON,91,2003,1,404920000,53000,292883.0,6628.0
855,USA,2,HON,91,2004,1,455908000,52000,295487.0,6762.0
856,USA,2,HON,91,2005,1,495326000,53000,298166.0,6899.0
857,USA,2,HON,91,2006,1,521840000,55000,300943.0,7037.0
858,USA,2,HON,91,2007,1,552568000,76000,303787.0,7178.0
859,USA,2,HON,91,2008,1,616073000,96000,306657.0,7322.0
860,USA,2,HON,91,2009,1,662049000,111000,309492.0,7470.0
861,USA,2,HON,91,2010,1,693600000,135000,312247.0,7621.0
862,USA,2,HON,91,2011,1,687000000,141000,314912.0,7777.0
863,USA,2,HON,91,2012,1,655388000,151000,317505.0,7936.0
864,USA,2,SAL,92,1936,0,932600,1476,128181.0,1550.0
865,USA,2,SAL,92,1937,0,1032900,1360,128961.0,1570.0
866,USA,2,SAL,92,1938,0,1131499,1440,129969.0,1590.0
867,USA,2,SAL,92,1939,0,980000,1480,131028.0,1610.0
868,USA,2,SAL,92,1940,0,1657000,-9,132122.0,1630.0
869,USA,2,SAL,92,1941,0,6301000,-9,133402.0,1650.0
870,USA,2,SAL,92,1942,0,26001000,1465,134860.0,1680.0
871,USA,2,SAL,92,1943,0,72109000,1350,136739.0,1690.0
872,USA,2,SAL,92,1944,0,87000000,1462,138397.0,1720.0
873,USA,2,SAL,92,1945,0,90000000,1801,139928.0,1740.0
874,USA,2,SAL,92,1947,1,14315999,1802,144126.0,1780.0
875,USA,2,SAL,92,1948,1,10960998,2362,147208.0,1811.0
876,USA,2,SAL,92,1949,1,13503000,2801,149767.0,1835.0
877,USA,2,SAL,92,1950,1,14559000,3944,152271.0,1859.0
878,USA,2,SAL,92,1951,1,33398000,4741,154878.0,1912.0
879,USA,2,SAL,92,1952,1,47852000,5080,157553.0,1965.0
880,USA,2,SAL,92,1953,1,49621008,6154,160184.0,2020.0
881,USA,2,SAL,92,1954,1,42786000,5800,163026.0,2077.0
882,USA,2,SAL,92,1955,1,40518000,6560,165931.0,2135.0
883,USA,2,SAL,92,1956,1,41773008,6960,168903.0,2195.0
884,USA,2,SAL,92,1957,1,44548000,7680,171984.0,2257.0
885,USA,2,SAL,92,1958,1,45503008,7600,174882.0,2321.0
886,USA,2,SAL,92,1959,1,46614000,6240,177830.0,2386.0
887,USA,2,SAL,92,1960,1,45380000,6120,180671.0,2578.0
888,USA,2,SAL,92,1961,1,47808000,6200,183691.0,2526.0
889,USA,2,SAL,92,1962,1,52381008,8680,186538.0,2627.0
890,USA,2,SAL,92,1963,1,52295008,8520,189242.0,2721.0
891,USA,2,SAL,92,1964,1,51213008,8000,191889.0,2824.0
892,USA,2,SAL,92,1965,1,51827008,9040,194303.0,2928.0
893,USA,2,SAL,92,1966,1,67572000,9200,196560.0,3037.0
894,USA,2,SAL,92,1967,1,75448000,9480,198712.0,3151.0
895,USA,2,SAL,92,1968,1,80732000,9240,200706.0,3266.0
896,USA,2,SAL,92,1969,1,81446000,10480,202677.0,3390.0
897,USA,2,SAL,92,1970,1,77827008,9960,205052.0,3534.0
898,USA,2,SAL,92,1971,1,74862000,11960,207661.0,3647.0
899,USA,2,SAL,92,1972,1,77639000,12520,209896.0,3668.0
900,USA,2,SAL,92,1973,1,78385000,25060,211909.0,3771.0
901,USA,2,SAL,92,1974,1,85906000,26040,213854.0,3887.0
902,USA,2,SAL,92,1975,1,90948000,27880,215973.0,4005.0
903,USA,2,SAL,92,1976,1,91013000,37920,218035.0,4122.0
904,USA,2,SAL,92,1977,1,100925000,50000,220239.0,4255.0
905,USA,2,SAL,92,1978,1,109247000,58800,222585.0,4353.0
906,USA,2,SAL,92,1979,1,122279000,68000,225055.0,4435.0
907,USA,2,SAL,92,1980,1,143981000,72000,227726.0,4508.0
908,USA,2,SAL,92,1981,1,169888000,116000,229966.0,4587.0
909,USA,2,SAL,92,1982,1,196345000,139000,232188.0,4662.0
910,USA,2,SAL,92,1983,1,217198000,158000,234307.0,4724.0
911,USA,2,SAL,92,1984,1,237052000,205000,236348.0,4780.0
912,USA,2,SAL,92,1985,1,245154000,252000,238466.0,4856.0
913,USA,2,SAL,92,1986,1,265480000,160000,240651.0,4948.0
914,USA,2,SAL,92,1987,1,273966000,208180,242804.0,5054.0
915,USA,2,SAL,92,1988,1,281935000,237000,245021.0,5090.0
916,USA,2,SAL,92,1989,1,294880000,139230,247342.0,5193.0
917,USA,2,SAL,92,1990,1,289755000,143830,249907.0,5031.0
918,USA,2,SAL,92,1991,1,262389000,141870,252618.0,5351.0
919,USA,2,SAL,92,1992,1,286892000,175000,255391.0,5477.0
920,USA,2,SAL,92,1993,1,297600000,100000,258132.0,5393.0
921,USA,2,SAL,92,1994,1,293214000,132000,260602.0,5528.0
922,USA,2,SAL,92,1995,1,277834000,145000,262755.0,5662.0
923,USA,2,SAL,92,1996,1,277254000,149000,265284.0,5796.0
924,USA,2,SAL,92,1997,1,276324000,176000,267901.0,5928.0
925,USA,2,SAL,92,1998,1,279702000,163000,274028.0,6032.0
926,USA,2,SAL,92,1999,1,292147000,171000,276218.0,6154.0
927,USA,2,SAL,92,2000,1,303136000,168000,278357.0,6276.0
928,USA,2,SAL,92,2001,1,322365000,165000,285112.0,6397.0
929,USA,2,SAL,92,2002,1,348555000,109000,290270.0,6008.0
930,USA,2,SAL,92,2003,1,404920000,106000,292883.0,6029.0
931,USA,2,SAL,92,2004,1,455908000,106000,295487.0,6050.0
932,USA,2,SAL,92,2005,1,495326000,106000,298166.0,6073.0
933,USA,2,SAL,92,2006,1,521840000,106000,300943.0,6097.0
934,USA,2,SAL,92,2007,1,552568000,111000,303787.0,6123.0
935,USA,2,SAL,92,2008,1,616073000,115000,306657.0,6152.0
936,USA,2,SAL,92,2009,1,662049000,135000,309492.0,6183.0
937,USA,2,SAL,92,2010,1,693600000,135000,312247.0,6218.0
938,USA,2,SAL,92,2011,1,687000000,146000,314912.0,6256.0
939,USA,2,SAL,92,2012,1,655388000,145000,317505.0,6297.0
940,USA,2,NIC,93,1936,0,932600,83,128181.0,746.0
941,USA,2,NIC,93,1937,0,1032900,45,128961.0,765.0
942,USA,2,NIC,93,1938,0,1131499,-9,129969.0,785.0
943,USA,2,NIC,93,1939,0,980000,-9,131028.0,806.0
944,USA,2,NIC,93,1940,0,1657000,-9,132122.0,825.0
945,USA,2,NIC,93,1941,0,6301000,-9,133402.0,844.0
946,USA,2,NIC,93,1942,0,26001000,-9,134860.0,863.0
947,USA,2,NIC,93,1943,0,72109000,-9,136739.0,880.0
948,USA,2,NIC,93,1944,0,87000000,909,138397.0,900.0
949,USA,2,NIC,93,1945,1,90000000,-9,139928.0,923.0
950,USA,2,NIC,93,1946,1,45133984,-9,141389.0,949.0
951,USA,2,NIC,93,1947,1,14315999,-9,144126.0,977.0
952,USA,2,NIC,93,1948,1,10960998,-9,147208.0,1001.0
953,USA,2,NIC,93,1949,1,13503000,-9,149767.0,1028.0
954,USA,2,NIC,93,1950,1,14559000,-9,152271.0,1052.0
955,USA,2,NIC,93,1951,1,33398000,-9,154878.0,1083.0
956,USA,2,NIC,93,1952,1,47852000,-9,157553.0,1116.0
957,USA,2,NIC,93,1953,1,49621008,-9,160184.0,1149.0
958,USA,2,NIC,93,1954,1,42786000,-9,163026.0,1183.0
959,USA,2,NIC,93,1955,1,40518000,-9,165931.0,1218.0
960,USA,2,NIC,93,1956,1,41773008,-9,168903.0,1255.0
961,USA,2,NIC,93,1957,1,44548000,7037,171984.0,1292.0
962,USA,2,NIC,93,1958,1,45503008,5782,174882.0,1330.0
963,USA,2,NIC,93,1959,1,46614000,6194,177830.0,1370.0
964,USA,2,NIC,93,1960,1,45380000,6700,180671.0,1411.0
965,USA,2,NIC,93,1961,1,47808000,6979,183691.0,1453.0
966,USA,2,NIC,93,1962,1,52381008,7546,186538.0,1496.0
967,USA,2,NIC,93,1963,1,52295008,7801,189242.0,1541.0
968,USA,2,NIC,93,1964,1,51213008,7546,191889.0,1579.0
969,USA,2,NIC,93,1965,1,51827008,8113,194303.0,1619.0
970,USA,2,NIC,93,1966,1,67572000,9348,196560.0,1660.0
971,USA,2,NIC,93,1967,1,75448000,10270,198712.0,1701.0
972,USA,2,NIC,93,1968,1,80732000,10057,200706.0,1744.0
973,USA,2,NIC,93,1969,1,81446000,10241,202677.0,1788.0
974,USA,2,NIC,93,1970,1,77827008,12170,205052.0,2053.0
975,USA,2,NIC,93,1971,1,74862000,12400,207661.0,1889.0
976,USA,2,NIC,93,1972,1,77639000,16142,209896.0,1955.0
977,USA,2,NIC,93,1973,1,78385000,15286,211909.0,2015.0
978,USA,2,NIC,93,1974,1,85906000,21959,213854.0,2087.0
979,USA,2,NIC,93,1975,1,90948000,27185,215973.0,2408.0
980,USA,2,NIC,93,1976,1,91013000,37290,218035.0,2244.0
981,USA,2,NIC,93,1977,1,100925000,41275,220239.0,2325.0
982,USA,2,NIC,93,1978,1,109247000,43000,222585.0,2410.0
983,USA,2,NIC,93,1979,1,122279000,42000,225055.0,2644.0
984,USA,2,NIC,93,1980,1,143981000,62000,227726.0,2771.0
985,USA,2,NIC,93,1981,1,169888000,192000,229966.0,2871.0
986,USA,2,NIC,93,1982,1,196345000,249000,232188.0,2957.0
987,USA,2,NIC,93,1983,1,217198000,348000,234307.0,3058.0
988,USA,2,NIC,93,1984,1,237052000,625000,236348.0,3163.0
989,USA,2,NIC,93,1985,1,245154000,702000,238466.0,3272.0
990,USA,2,NIC,93,1986,1,265480000,436090,240651.0,3384.0
991,USA,2,NIC,93,1987,1,273966000,189000,242804.0,3501.0
992,USA,2,NIC,93,1988,1,281935000,142000,245021.0,3622.0
993,USA,2,NIC,93,1989,1,294880000,-9,247342.0,3745.0
994,USA,2,NIC,93,1990,1,289755000,318000,249907.0,3871.0
995,USA,2,NIC,93,1991,1,262389000,225000,252618.0,3999.0
996,USA,2,NIC,93,1992,1,286892000,214500,255391.0,4131.0
997,USA,2,NIC,93,1993,1,297600000,210000,258132.0,4265.0
998,USA,2,NIC,93,1994,1,293214000,35000,260602.0,4401.0
999,USA,2,NIC,93,1995,1,277834000,39000,262755.0,4539.0
1000,USA,2,NIC,93,1996,1,277254000,37000,265284.0,4238.0
